--
-- PostgreSQL database dump
--

\restrict 6j3ZpVjaxm78SuhXTSqFuWJjfRHCVJBfMPIeKaUH4lL1JAWM2IRLdTLwammRYh9

-- Dumped from database version 18.4
-- Dumped by pg_dump version 18.4

SET statement_timeout = 0;
SET lock_timeout = 0;
SET idle_in_transaction_session_timeout = 0;
SET transaction_timeout = 0;
SET client_encoding = 'UTF8';
SET standard_conforming_strings = on;
SELECT pg_catalog.set_config('search_path', '', false);
SET check_function_bodies = false;
SET xmloption = content;
SET client_min_messages = warning;
SET row_security = off;

SET default_tablespace = '';

SET default_table_access_method = heap;

--
-- Name: auth_group; Type: TABLE; Schema: public; Owner: postgres
--

CREATE TABLE public.auth_group (
    id integer NOT NULL,
    name character varying(150) NOT NULL
);


ALTER TABLE public.auth_group OWNER TO postgres;

--
-- Name: auth_group_id_seq; Type: SEQUENCE; Schema: public; Owner: postgres
--

ALTER TABLE public.auth_group ALTER COLUMN id ADD GENERATED BY DEFAULT AS IDENTITY (
    SEQUENCE NAME public.auth_group_id_seq
    START WITH 1
    INCREMENT BY 1
    NO MINVALUE
    NO MAXVALUE
    CACHE 1
);


--
-- Name: auth_group_permissions; Type: TABLE; Schema: public; Owner: postgres
--

CREATE TABLE public.auth_group_permissions (
    id bigint NOT NULL,
    group_id integer NOT NULL,
    permission_id integer NOT NULL
);


ALTER TABLE public.auth_group_permissions OWNER TO postgres;

--
-- Name: auth_group_permissions_id_seq; Type: SEQUENCE; Schema: public; Owner: postgres
--

ALTER TABLE public.auth_group_permissions ALTER COLUMN id ADD GENERATED BY DEFAULT AS IDENTITY (
    SEQUENCE NAME public.auth_group_permissions_id_seq
    START WITH 1
    INCREMENT BY 1
    NO MINVALUE
    NO MAXVALUE
    CACHE 1
);


--
-- Name: auth_permission; Type: TABLE; Schema: public; Owner: postgres
--

CREATE TABLE public.auth_permission (
    id integer NOT NULL,
    name character varying(255) NOT NULL,
    content_type_id integer NOT NULL,
    codename character varying(100) NOT NULL
);


ALTER TABLE public.auth_permission OWNER TO postgres;

--
-- Name: auth_permission_id_seq; Type: SEQUENCE; Schema: public; Owner: postgres
--

ALTER TABLE public.auth_permission ALTER COLUMN id ADD GENERATED BY DEFAULT AS IDENTITY (
    SEQUENCE NAME public.auth_permission_id_seq
    START WITH 1
    INCREMENT BY 1
    NO MINVALUE
    NO MAXVALUE
    CACHE 1
);


--
-- Name: auth_user; Type: TABLE; Schema: public; Owner: postgres
--

CREATE TABLE public.auth_user (
    id integer NOT NULL,
    password character varying(128) NOT NULL,
    last_login timestamp with time zone,
    is_superuser boolean NOT NULL,
    username character varying(150) NOT NULL,
    first_name character varying(150) NOT NULL,
    last_name character varying(150) NOT NULL,
    email character varying(254) NOT NULL,
    is_staff boolean NOT NULL,
    is_active boolean NOT NULL,
    date_joined timestamp with time zone NOT NULL
);


ALTER TABLE public.auth_user OWNER TO postgres;

--
-- Name: auth_user_groups; Type: TABLE; Schema: public; Owner: postgres
--

CREATE TABLE public.auth_user_groups (
    id bigint NOT NULL,
    user_id integer NOT NULL,
    group_id integer NOT NULL
);


ALTER TABLE public.auth_user_groups OWNER TO postgres;

--
-- Name: auth_user_groups_id_seq; Type: SEQUENCE; Schema: public; Owner: postgres
--

ALTER TABLE public.auth_user_groups ALTER COLUMN id ADD GENERATED BY DEFAULT AS IDENTITY (
    SEQUENCE NAME public.auth_user_groups_id_seq
    START WITH 1
    INCREMENT BY 1
    NO MINVALUE
    NO MAXVALUE
    CACHE 1
);


--
-- Name: auth_user_id_seq; Type: SEQUENCE; Schema: public; Owner: postgres
--

ALTER TABLE public.auth_user ALTER COLUMN id ADD GENERATED BY DEFAULT AS IDENTITY (
    SEQUENCE NAME public.auth_user_id_seq
    START WITH 1
    INCREMENT BY 1
    NO MINVALUE
    NO MAXVALUE
    CACHE 1
);


--
-- Name: auth_user_user_permissions; Type: TABLE; Schema: public; Owner: postgres
--

CREATE TABLE public.auth_user_user_permissions (
    id bigint NOT NULL,
    user_id integer NOT NULL,
    permission_id integer NOT NULL
);


ALTER TABLE public.auth_user_user_permissions OWNER TO postgres;

--
-- Name: auth_user_user_permissions_id_seq; Type: SEQUENCE; Schema: public; Owner: postgres
--

ALTER TABLE public.auth_user_user_permissions ALTER COLUMN id ADD GENERATED BY DEFAULT AS IDENTITY (
    SEQUENCE NAME public.auth_user_user_permissions_id_seq
    START WITH 1
    INCREMENT BY 1
    NO MINVALUE
    NO MAXVALUE
    CACHE 1
);


--
-- Name: buildings_building; Type: TABLE; Schema: public; Owner: postgres
--

CREATE TABLE public.buildings_building (
    id bigint NOT NULL,
    name character varying(200) NOT NULL,
    location character varying(200),
    county character varying(20),
    created_at timestamp with time zone NOT NULL,
    building_type_id bigint
);


ALTER TABLE public.buildings_building OWNER TO postgres;

--
-- Name: buildings_building_id_seq; Type: SEQUENCE; Schema: public; Owner: postgres
--

ALTER TABLE public.buildings_building ALTER COLUMN id ADD GENERATED BY DEFAULT AS IDENTITY (
    SEQUENCE NAME public.buildings_building_id_seq
    START WITH 1
    INCREMENT BY 1
    NO MINVALUE
    NO MAXVALUE
    CACHE 1
);


--
-- Name: buildings_building_people; Type: TABLE; Schema: public; Owner: postgres
--

CREATE TABLE public.buildings_building_people (
    id bigint NOT NULL,
    building_id bigint NOT NULL,
    person_id bigint NOT NULL
);


ALTER TABLE public.buildings_building_people OWNER TO postgres;

--
-- Name: buildings_building_people_id_seq; Type: SEQUENCE; Schema: public; Owner: postgres
--

ALTER TABLE public.buildings_building_people ALTER COLUMN id ADD GENERATED BY DEFAULT AS IDENTITY (
    SEQUENCE NAME public.buildings_building_people_id_seq
    START WITH 1
    INCREMENT BY 1
    NO MINVALUE
    NO MAXVALUE
    CACHE 1
);


--
-- Name: buildings_buildingtype; Type: TABLE; Schema: public; Owner: postgres
--

CREATE TABLE public.buildings_buildingtype (
    id bigint NOT NULL,
    category character varying(20) NOT NULL,
    subtype character varying(20) NOT NULL,
    name character varying(100),
    description text
);


ALTER TABLE public.buildings_buildingtype OWNER TO postgres;

--
-- Name: buildings_buildingtype_id_seq; Type: SEQUENCE; Schema: public; Owner: postgres
--

ALTER TABLE public.buildings_buildingtype ALTER COLUMN id ADD GENERATED BY DEFAULT AS IDENTITY (
    SEQUENCE NAME public.buildings_buildingtype_id_seq
    START WITH 1
    INCREMENT BY 1
    NO MINVALUE
    NO MAXVALUE
    CACHE 1
);


--
-- Name: buildings_georef; Type: TABLE; Schema: public; Owner: postgres
--

CREATE TABLE public.buildings_georef (
    id bigint NOT NULL,
    latitude numeric(9,6),
    longitude numeric(9,6),
    building_id bigint NOT NULL
);


ALTER TABLE public.buildings_georef OWNER TO postgres;

--
-- Name: buildings_georef_id_seq; Type: SEQUENCE; Schema: public; Owner: postgres
--

ALTER TABLE public.buildings_georef ALTER COLUMN id ADD GENERATED BY DEFAULT AS IDENTITY (
    SEQUENCE NAME public.buildings_georef_id_seq
    START WITH 1
    INCREMENT BY 1
    NO MINVALUE
    NO MAXVALUE
    CACHE 1
);


--
-- Name: chronology_uncertaindate; Type: TABLE; Schema: public; Owner: postgres
--

CREATE TABLE public.chronology_uncertaindate (
    id bigint NOT NULL,
    year integer,
    qualifier character varying(20) NOT NULL
);


ALTER TABLE public.chronology_uncertaindate OWNER TO postgres;

--
-- Name: chronology_uncertaindate_id_seq; Type: SEQUENCE; Schema: public; Owner: postgres
--

ALTER TABLE public.chronology_uncertaindate ALTER COLUMN id ADD GENERATED BY DEFAULT AS IDENTITY (
    SEQUENCE NAME public.chronology_uncertaindate_id_seq
    START WITH 1
    INCREMENT BY 1
    NO MINVALUE
    NO MAXVALUE
    CACHE 1
);


--
-- Name: django_admin_log; Type: TABLE; Schema: public; Owner: postgres
--

CREATE TABLE public.django_admin_log (
    id integer NOT NULL,
    action_time timestamp with time zone NOT NULL,
    object_id text,
    object_repr character varying(200) NOT NULL,
    action_flag smallint NOT NULL,
    change_message text NOT NULL,
    content_type_id integer,
    user_id integer NOT NULL,
    CONSTRAINT django_admin_log_action_flag_check CHECK ((action_flag >= 0))
);


ALTER TABLE public.django_admin_log OWNER TO postgres;

--
-- Name: django_admin_log_id_seq; Type: SEQUENCE; Schema: public; Owner: postgres
--

ALTER TABLE public.django_admin_log ALTER COLUMN id ADD GENERATED BY DEFAULT AS IDENTITY (
    SEQUENCE NAME public.django_admin_log_id_seq
    START WITH 1
    INCREMENT BY 1
    NO MINVALUE
    NO MAXVALUE
    CACHE 1
);


--
-- Name: django_content_type; Type: TABLE; Schema: public; Owner: postgres
--

CREATE TABLE public.django_content_type (
    id integer NOT NULL,
    app_label character varying(100) NOT NULL,
    model character varying(100) NOT NULL
);


ALTER TABLE public.django_content_type OWNER TO postgres;

--
-- Name: django_content_type_id_seq; Type: SEQUENCE; Schema: public; Owner: postgres
--

ALTER TABLE public.django_content_type ALTER COLUMN id ADD GENERATED BY DEFAULT AS IDENTITY (
    SEQUENCE NAME public.django_content_type_id_seq
    START WITH 1
    INCREMENT BY 1
    NO MINVALUE
    NO MAXVALUE
    CACHE 1
);


--
-- Name: django_migrations; Type: TABLE; Schema: public; Owner: postgres
--

CREATE TABLE public.django_migrations (
    id bigint NOT NULL,
    app character varying(255) NOT NULL,
    name character varying(255) NOT NULL,
    applied timestamp with time zone NOT NULL
);


ALTER TABLE public.django_migrations OWNER TO postgres;

--
-- Name: django_migrations_id_seq; Type: SEQUENCE; Schema: public; Owner: postgres
--

ALTER TABLE public.django_migrations ALTER COLUMN id ADD GENERATED BY DEFAULT AS IDENTITY (
    SEQUENCE NAME public.django_migrations_id_seq
    START WITH 1
    INCREMENT BY 1
    NO MINVALUE
    NO MAXVALUE
    CACHE 1
);


--
-- Name: django_session; Type: TABLE; Schema: public; Owner: postgres
--

CREATE TABLE public.django_session (
    session_key character varying(40) NOT NULL,
    session_data text NOT NULL,
    expire_date timestamp with time zone NOT NULL
);


ALTER TABLE public.django_session OWNER TO postgres;

--
-- Name: people_person; Type: TABLE; Schema: public; Owner: postgres
--

CREATE TABLE public.people_person (
    id bigint NOT NULL,
    surname character varying(100),
    given_name character varying(100),
    label character varying(100),
    preposition character varying(20),
    sequence_label character varying(20),
    created_at timestamp with time zone NOT NULL,
    role character varying(50),
    death_id bigint,
    floruit_end_id bigint,
    floruit_start_id bigint
);


ALTER TABLE public.people_person OWNER TO postgres;

--
-- Name: people_person_id_seq; Type: SEQUENCE; Schema: public; Owner: postgres
--

ALTER TABLE public.people_person ALTER COLUMN id ADD GENERATED BY DEFAULT AS IDENTITY (
    SEQUENCE NAME public.people_person_id_seq
    START WITH 1
    INCREMENT BY 1
    NO MINVALUE
    NO MAXVALUE
    CACHE 1
);


--
-- Data for Name: auth_group; Type: TABLE DATA; Schema: public; Owner: postgres
--

COPY public.auth_group (id, name) FROM stdin;
\.


--
-- Data for Name: auth_group_permissions; Type: TABLE DATA; Schema: public; Owner: postgres
--

COPY public.auth_group_permissions (id, group_id, permission_id) FROM stdin;
\.


--
-- Data for Name: auth_permission; Type: TABLE DATA; Schema: public; Owner: postgres
--

COPY public.auth_permission (id, name, content_type_id, codename) FROM stdin;
1	Can add log entry	1	add_logentry
2	Can change log entry	1	change_logentry
3	Can delete log entry	1	delete_logentry
4	Can view log entry	1	view_logentry
5	Can add permission	3	add_permission
6	Can change permission	3	change_permission
7	Can delete permission	3	delete_permission
8	Can view permission	3	view_permission
9	Can add group	2	add_group
10	Can change group	2	change_group
11	Can delete group	2	delete_group
12	Can view group	2	view_group
13	Can add user	4	add_user
14	Can change user	4	change_user
15	Can delete user	4	delete_user
16	Can view user	4	view_user
17	Can add content type	5	add_contenttype
18	Can change content type	5	change_contenttype
19	Can delete content type	5	delete_contenttype
20	Can view content type	5	view_contenttype
21	Can add session	6	add_session
22	Can change session	6	change_session
23	Can delete session	6	delete_session
24	Can view session	6	view_session
25	Can add person	7	add_person
26	Can change person	7	change_person
27	Can delete person	7	delete_person
28	Can view person	7	view_person
29	Can add building	8	add_building
30	Can change building	8	change_building
31	Can delete building	8	delete_building
32	Can view building	8	view_building
33	Can add uncertain date	9	add_uncertaindate
34	Can change uncertain date	9	change_uncertaindate
35	Can delete uncertain date	9	delete_uncertaindate
36	Can view uncertain date	9	view_uncertaindate
37	Can add geo ref	10	add_georef
38	Can change geo ref	10	change_georef
39	Can delete geo ref	10	delete_georef
40	Can view geo ref	10	view_georef
41	Can add building type	11	add_buildingtype
42	Can change building type	11	change_buildingtype
43	Can delete building type	11	delete_buildingtype
44	Can view building type	11	view_buildingtype
\.


--
-- Data for Name: auth_user; Type: TABLE DATA; Schema: public; Owner: postgres
--

COPY public.auth_user (id, password, last_login, is_superuser, username, first_name, last_name, email, is_staff, is_active, date_joined) FROM stdin;
1	pbkdf2_sha256$1200000$LDatsuAL1j4WYvOr95rNna$Q6nTX2p9zm0xBMlX9MJILiRTIIAZxZunTGn77Qpcbak=	2026-07-08 21:19:27.623471+01	t	admin				t	t	2026-05-14 21:41:53.289887+01
\.


--
-- Data for Name: auth_user_groups; Type: TABLE DATA; Schema: public; Owner: postgres
--

COPY public.auth_user_groups (id, user_id, group_id) FROM stdin;
\.


--
-- Data for Name: auth_user_user_permissions; Type: TABLE DATA; Schema: public; Owner: postgres
--

COPY public.auth_user_user_permissions (id, user_id, permission_id) FROM stdin;
\.


--
-- Data for Name: buildings_building; Type: TABLE DATA; Schema: public; Owner: postgres
--

COPY public.buildings_building (id, name, location, county, created_at, building_type_id) FROM stdin;
\.


--
-- Data for Name: buildings_building_people; Type: TABLE DATA; Schema: public; Owner: postgres
--

COPY public.buildings_building_people (id, building_id, person_id) FROM stdin;
\.


--
-- Data for Name: buildings_buildingtype; Type: TABLE DATA; Schema: public; Owner: postgres
--

COPY public.buildings_buildingtype (id, category, subtype, name, description) FROM stdin;
\.


--
-- Data for Name: buildings_georef; Type: TABLE DATA; Schema: public; Owner: postgres
--

COPY public.buildings_georef (id, latitude, longitude, building_id) FROM stdin;
\.


--
-- Data for Name: chronology_uncertaindate; Type: TABLE DATA; Schema: public; Owner: postgres
--

COPY public.chronology_uncertaindate (id, year, qualifier) FROM stdin;
117	1364	exact
118	1398	circa
119	1381	exact
120	1417	exact
121	1335	exact
122	1338	exact
3	1124	circa
4	1153	exact
6	1257	exact
5	1235	circa
7	1478	exact
8	1488	exact
9	1485	exact
10	1555	exact
11	1253	exact
12	1285	exact
13	1333	exact
14	1375	exact
15	1542	exact
16	1581	exact
17	1470	exact
18	1496	exact
19	1482	exact
20	1523	exact
21	1275	exact
22	1321	exact
23	1323	exact
24	1335	exact
25	1448	circa
26	1459	exact
27	1434	exact
28	1489	exact
29	1362	exact
30	1392	exact
31	1496	exact
32	1531	exact
33	1385	exact
34	1420	exact
35	1501	exact
36	1504	exact
37	1025	circa
38	1049	exact
39	1453	exact
40	1484	exact
41	1411	exact
42	1447	exact
43	1281	exact
44	1293	exact
45	1461	exact
46	1487	exact
47	1309	exact
48	1331	exact
49	1495	exact
50	1529	exact
51	1304	exact
52	1322	exact
53	1438	exact
54	1471	exact
55	1440	exact
56	1485	exact
57	1301	exact
58	1343	exact
59	1322	exact
60	1336	exact
61	1332	exact
62	1365	exact
63	1331	exact
64	1362	exact
65	1515	exact
66	1558	exact
67	1245	circa
68	1260	exact
69	1444	exact
70	1484	exact
71	1462	exact
72	1493	exact
73	1539	exact
74	1543	exact
75	1319	exact
76	1375	exact
77	1277	exact
78	1309	exact
79	1330	circa
80	1411	circa
81	1332	exact
82	1375	exact
83	1400	exact
84	1442	exact
85	1440	exact
86	1486	exact
87	1319	exact
88	1354	exact
89	1401	exact
90	1433	exact
91	1466	exact
92	1505	exact
93	1453	exact
94	1483	exact
95	1499	exact
96	1506	exact
97	1329	exact
98	1347	exact
99	1343	exact
100	1388	exact
101	1506	exact
102	1529	exact
103	1487	exact
104	1522	exact
105	1525	exact
106	1535	exact
107	1513	exact
108	1575	exact
109	1349	exact
110	1351	exact
111	1272	exact
112	1315	circa
113	1308	exact
114	1327	exact
115	1376	exact
116	1394	exact
123	1408	exact
124	1438	exact
125	1409	exact
126	1450	exact
127	1524	exact
128	1547	exact
129	1376	exact
130	1405	circa
131	1514	exact
132	1544	exact
133	1468	exact
134	1504	exact
135	1262	circa
136	1280	circa
137	1352	exact
138	1385	exact
139	1440	exact
140	1394	exact
141	1406	circa
142	1459	exact
143	1487	exact
144	1317	exact
145	1339	circa
146	1304	exact
147	1339	exact
148	1323	exact
149	1349	exact
150	1495	exact
151	1528	exact
152	1243	exact
153	1253	circa
154	1180	circa
155	1226	exact
156	1077	circa
157	1119	exact
158	1296	exact
159	1310	exact
160	1533	exact
161	1558	exact
162	1515	exact
163	1566	exact
164	1490	exact
165	1517	exact
166	1261	exact
167	1309	circa
168	1505	exact
169	1521	exact
170	1174	exact
171	1180	exact
172	1301	exact
173	1322	exact
174	1391	exact
175	1400	exact
176	1429	exact
177	1460	circa
178	1465	circa
179	1490	exact
180	1343	exact
181	1531	exact
182	1350	exact
183	1386	circa
184	1270	circa
185	1307	exact
186	1452	exact
187	1505	exact
188	1420	exact
189	1452	exact
190	1255	circa
191	1291	circa
192	1475	exact
193	1506	exact
194	1506	exact
195	1555	exact
196	1501	exact
197	1527	exact
198	1366	exact
199	1403	exact
200	1383	exact
201	1418	exact
202	1485	exact
203	1515	exact
204	1308	exact
205	1421	exact
206	1461	exact
207	1398	exact
208	1440	exact
209	1292	exact
210	1342	exact
211	1351	exact
212	1401	exact
213	1415	exact
214	1451	exact
215	1170	exact
216	1182	circa
217	1397	exact
218	1428	exact
219	1360	exact
220	1405	exact
221	1290	exact
222	1310	exact
223	1353	exact
224	1400	exact
\.


--
-- Data for Name: django_admin_log; Type: TABLE DATA; Schema: public; Owner: postgres
--

COPY public.django_admin_log (id, action_time, object_id, object_repr, action_flag, change_message, content_type_id, user_id) FROM stdin;
1	2026-05-14 21:45:02.517378+01	1	Abbotsbury	1	[{"added": {}}]	7	1
2	2026-05-14 21:45:10.139437+01	2	Abingdon	1	[{"added": {}}]	7	1
3	2026-05-14 22:53:09.235236+01	2	William Abingdon	2	[{"changed": {"fields": ["Given name"]}}]	7	1
4	2026-05-14 22:53:23.625337+01	1	Alexander de Abbotsbury	2	[{"changed": {"fields": ["Given name", "Preposition"]}}]	7	1
5	2026-05-14 22:53:36.944878+01	3	John Abingdon	1	[{"added": {}}]	7	1
6	2026-05-14 22:54:57.003813+01	4	Nicholas Abingdon	1	[{"added": {}}]	7	1
7	2026-05-14 22:55:07.220404+01	5	Reginald de Abingdon	1	[{"added": {}}]	7	1
8	2026-05-14 22:55:21.35509+01	6	Richard de Abingdon	1	[{"added": {}}]	7	1
9	2026-05-14 22:55:34.693141+01	7	Gilbert de Acklam	1	[{"added": {}}]	7	1
10	2026-05-14 22:55:51.069886+01	8	Richard de Acle	1	[{"added": {}}]	7	1
11	2026-05-14 22:56:22.422411+01	9	Adam the Carver	1	[{"added": {}}]	7	1
12	2026-05-14 22:56:52.866831+01	10	Adam the Joiner	1	[{"added": {}}]	7	1
13	2026-05-14 22:57:05.93967+01	11	Adam the Mason I	1	[{"added": {}}]	7	1
14	2026-05-14 22:57:17.990749+01	12	Adam the Mason IA	1	[{"added": {}}]	7	1
15	2026-05-14 22:57:28.673066+01	13	Adam the Mason II	1	[{"added": {}}]	7	1
16	2026-05-14 23:05:15.515597+01	14	Richard Adam	1	[{"added": {}}]	7	1
17	2026-05-14 23:05:33.756219+01	15	William Addescomp	1	[{"added": {}}]	7	1
18	2026-05-14 23:05:49.980224+01	16	Aelfric the Mason	1	[{"added": {}}]	7	1
19	2026-05-14 23:05:59.81342+01	17	Aelric the Mason	1	[{"added": {}}]	7	1
20	2026-05-14 23:06:12.73165+01	18	Ailnoth the Engineer	1	[{"added": {}}]	7	1
21	2026-05-14 23:06:22.235907+01	19	Ailric the Carpenter	1	[{"added": {}}]	7	1
22	2026-05-14 23:06:35.746155+01	20	Nicholas de Ailyngton	1	[{"added": {}}]	7	1
23	2026-05-14 23:06:48.225219+01	21	Alan the Carpenter	1	[{"added": {}}]	7	1
24	2026-05-14 23:07:01.060573+01	22	Hugh de Albemunt	1	[{"added": {}}]	7	1
25	2026-05-14 23:07:10.517699+01	23	Alberic the Mason	1	[{"added": {}}]	7	1
26	2026-05-14 23:07:15.579062+01	24	Richard Albon	1	[{"added": {}}]	7	1
27	2026-05-14 23:07:20.227458+01	25	William Albon	1	[{"added": {}}]	7	1
28	2026-05-14 23:07:26.453939+01	26	Thomas Aldrych	1	[{"added": {}}]	7	1
29	2026-05-14 23:07:33.808612+01	27	Robert Aldrych	1	[{"added": {}}]	7	1
30	2026-05-14 23:08:13.272524+01	27	Robert Aldwyck	2	[{"changed": {"fields": ["Surname"]}}]	7	1
31	2026-05-14 23:08:33.209299+01	28	William Alderidge	1	[{"added": {}}]	7	1
32	2026-05-14 23:08:44.650431+01	29	Alen	1	[{"added": {}}]	7	1
33	2026-05-14 23:08:50.188518+01	30	Alexander	1	[{"added": {}}]	7	1
34	2026-05-14 23:09:00.163424+01	31	Alexander the Carpenter	1	[{"added": {}}]	7	1
35	2026-05-14 23:09:09.189456+01	32	Alexander the Mason I	1	[{"added": {}}]	7	1
36	2026-05-14 23:09:16.239967+01	33	Alexander the Mason II	1	[{"added": {}}]	7	1
37	2026-05-14 23:09:31.426695+01	34	Alexander the Mason III	1	[{"added": {}}]	7	1
38	2026-05-14 23:09:41.219018+01	35	Alexander the Mason IV	1	[{"added": {}}]	7	1
39	2026-05-14 23:09:49.571515+01	36	David Aleyn	1	[{"added": {}}]	7	1
40	2026-05-14 23:09:59.538561+01	37	Richard Aleyn	1	[{"added": {}}]	7	1
41	2026-05-14 23:10:10.195873+01	38	William Aleyn	1	[{"added": {}}]	7	1
42	2026-05-14 23:10:17.331344+01	39	John Allen	1	[{"added": {}}]	7	1
43	2026-05-14 23:10:24.882099+01	40	Henry Alsebroke	1	[{"added": {}}]	7	1
44	2026-05-14 23:10:30.822008+01	41	John Alverton	1	[{"added": {}}]	7	1
45	2026-05-14 23:10:38.628121+01	42	Alwin the Mason	1	[{"added": {}}]	7	1
46	2026-05-14 23:11:46.700408+01	41	John de Alverton	2	[{"changed": {"fields": ["Preposition"]}}]	7	1
47	2026-05-14 23:17:05.604105+01	43	Richard Ambrose	1	[{"added": {}}]	7	1
48	2026-05-14 23:17:14.039589+01	44	Thomas Ampilforde	1	[{"added": {}}]	7	1
49	2026-05-14 23:17:25.112243+01	45	Nicholas Andewe	1	[{"added": {}}]	7	1
50	2026-05-14 23:17:38.560429+01	46	Andrew the Mason	1	[{"added": {}}]	7	1
51	2026-05-14 23:17:45.666632+01	47	John Andrewe	1	[{"added": {}}]	7	1
52	2026-05-14 23:17:50.639303+01	48	Nicholas Andrewe	1	[{"added": {}}]	7	1
53	2026-05-14 23:17:55.910708+01	49	Nicholas Andrews	1	[{"added": {}}]	7	1
54	2026-05-14 23:18:02.670188+01	50	John Antell	1	[{"added": {}}]	7	1
55	2026-05-14 23:18:11.265424+01	51	Baldwin de Araz	1	[{"added": {}}]	7	1
56	2026-05-14 23:18:18.567531+01	52	William Arche	1	[{"added": {}}]	7	1
57	2026-05-14 23:18:24.757436+01	53	Richard de Arches	1	[{"added": {}}]	7	1
58	2026-05-14 23:18:29.957558+01	54	Arnold	1	[{"added": {}}]	7	1
59	2026-05-14 23:18:39.423288+01	55	Arthur the Mason	1	[{"added": {}}]	7	1
60	2026-05-14 23:18:47.762985+01	56	John Askham	1	[{"added": {}}]	7	1
61	2026-05-14 23:19:14.04116+01	57	John Asser Senior	1	[{"added": {}}]	7	1
62	2026-05-14 23:19:25.201638+01	58	John Asser Junior	1	[{"added": {}}]	7	1
63	2026-05-14 23:19:32.812497+01	59	John Atkins	1	[{"added": {}}]	7	1
64	2026-05-14 23:19:42.017803+01	60	John Attleborough	1	[{"added": {}}]	7	1
65	2026-05-14 23:19:48.258562+01	61	William Atwood	1	[{"added": {}}]	7	1
66	2026-05-14 23:19:57.218179+01	62	Nicholas de Aundely	1	[{"added": {}}]	7	1
67	2026-05-14 23:20:06.360728+01	63	William Austyn	1	[{"added": {}}]	7	1
68	2026-05-14 23:20:11.282329+01	64	John Aylmer	1	[{"added": {}}]	7	1
69	2026-05-14 23:20:16.621795+01	65	Thomas Aylmer	1	[{"added": {}}]	7	1
70	2026-05-14 23:20:23.786357+01	66	Nicholas de Aynho	1	[{"added": {}}]	7	1
71	2026-05-15 03:49:08.619071+01	1	William de Abbotsbury	2	[{"changed": {"fields": ["Given name"]}}]	7	1
72	2026-05-15 03:49:16.639201+01	1	William Abbotsbury	2	[{"changed": {"fields": ["Preposition"]}}]	7	1
73	2026-05-15 03:49:37.363096+01	2	Alexander de Abingdon	2	[{"changed": {"fields": ["Given name", "Preposition"]}}]	7	1
74	2026-05-15 03:50:33.015975+01	1	Windsor Castle	1	[{"added": {}}]	8	1
75	2026-05-15 03:51:06.824257+01	2	Westminster Palace	1	[{"added": {}}]	8	1
76	2026-06-10 01:19:58.00215+01	67	William Bacon	1	[{"added": {}}]	7	1
77	2026-06-10 01:46:56.548202+01	67	William Bacon	2	[{"changed": {"fields": ["Role"]}}]	7	1
78	2026-06-10 01:47:35.554994+01	68	Robert de Bagby	1	[{"added": {}}]	7	1
79	2026-06-10 01:47:47.381154+01	69	William Bager	1	[{"added": {}}]	7	1
80	2026-06-10 01:47:59.595713+01	70	Peter de Bagworth	1	[{"added": {}}]	7	1
81	2026-06-10 01:48:26.197856+01	71	John Baker	1	[{"added": {}}]	7	1
82	2026-06-10 01:48:35.259637+01	72	Richard Baker	1	[{"added": {}}]	7	1
83	2026-06-10 01:48:43.64492+01	73	William Bale	1	[{"added": {}}]	7	1
84	2026-06-10 01:48:57.98635+01	74	Henry Balfront	1	[{"added": {}}]	7	1
85	2026-06-10 01:49:07.949601+01	75	Robert Ball I	1	[{"added": {}}]	7	1
86	2026-06-10 01:49:16.300099+01	76	Robert Ball II	1	[{"added": {}}]	7	1
87	2026-06-10 01:49:25.053598+01	77	John Balwe	1	[{"added": {}}]	7	1
88	2026-06-10 01:49:35.429114+01	78	John Banbury	1	[{"added": {}}]	7	1
89	2026-06-10 01:49:45.461447+01	79	William Banston	1	[{"added": {}}]	7	1
90	2026-06-10 01:50:29.144104+01	80	Banwell Master of	1	[{"added": {}}]	7	1
91	2026-06-10 01:50:38.367785+01	81	John Barbour	1	[{"added": {}}]	7	1
92	2026-06-10 01:50:53.863428+01	82	John Barnack	1	[{"added": {}}]	7	1
93	2026-06-10 01:51:08.999299+01	83	Stephen de Barneby	1	[{"added": {}}]	7	1
94	2026-06-10 01:51:19.518714+01	84	Thomas Barnet	1	[{"added": {}}]	7	1
95	2026-06-10 01:51:39.750841+01	85	Thomas Barowe	1	[{"added": {}}]	7	1
96	2026-06-10 01:51:52.300532+01	86	Thomas Barsham	1	[{"added": {}}]	7	1
97	2026-06-10 01:52:01.152788+01	87	John Bartelot	1	[{"added": {}}]	7	1
98	2026-06-10 01:52:18.042072+01	88	Bartholomew the Carpenter	1	[{"added": {}}]	7	1
99	2026-06-10 01:52:26.960226+01	89	John Barton	1	[{"added": {}}]	7	1
100	2026-06-10 01:52:52.82568+01	89	John Barton I	2	[{"changed": {"fields": ["Label"]}}]	7	1
101	2026-06-10 01:53:09.153556+01	90	John Barton II	1	[{"added": {}}]	7	1
102	2026-06-10 01:53:17.753579+01	91	Roger de Barton	1	[{"added": {}}]	7	1
103	2026-06-10 01:53:26.251683+01	92	Thomas Barton	1	[{"added": {}}]	7	1
104	2026-06-10 01:53:39.090411+01	93	John de la Bataile	1	[{"added": {}}]	7	1
105	2026-06-10 01:53:46.834439+01	94	Thomas Bate	1	[{"added": {}}]	7	1
106	2026-06-10 01:53:56.127999+01	95	Colmet Bateman	1	[{"added": {}}]	7	1
107	2026-06-10 01:54:04.257918+01	96	Robert Bates	1	[{"added": {}}]	7	1
108	2026-06-10 01:54:19.84541+01	97	Thomas Bates	1	[{"added": {}}]	7	1
109	2026-06-10 01:54:32.836593+01	98	Robert Bath	1	[{"added": {}}]	7	1
110	2026-06-10 01:54:39.30839+01	99	William Bayard	1	[{"added": {}}]	7	1
111	2026-06-10 01:54:45.651347+01	100	Robert Baynes	1	[{"added": {}}]	7	1
112	2026-06-10 01:54:54.651925+01	101	Nicholas Beare	1	[{"added": {}}]	7	1
113	2026-06-10 01:55:03.012159+01	102	John Beckeley	1	[{"added": {}}]	7	1
114	2026-06-10 01:55:13.506259+01	103	Robert de Bedeford	1	[{"added": {}}]	7	1
115	2026-06-10 01:55:23.649698+01	104	John Bek	1	[{"added": {}}]	7	1
116	2026-06-10 01:55:32.691542+01	105	Richard Beke	1	[{"added": {}}]	7	1
117	2026-06-10 01:55:42.653368+01	106	John Bekham	1	[{"added": {}}]	7	1
118	2026-06-10 01:55:54.469006+01	107	John Bekke	1	[{"added": {}}]	7	1
119	2026-06-10 01:56:04.28501+01	108	Robert Beldham	1	[{"added": {}}]	7	1
120	2026-06-10 01:56:13.263382+01	109	Thomas Bele	1	[{"added": {}}]	7	1
121	2026-06-10 01:56:34.839582+01	110	John Bell Senior	1	[{"added": {}}]	7	1
122	2026-06-10 01:56:46.983052+01	111	John Bell Junior	1	[{"added": {}}]	7	1
123	2026-06-10 01:57:00.807304+01	112	John Bell III	1	[{"added": {}}]	7	1
124	2026-06-10 01:57:12.311225+01	113	Roger Bell	1	[{"added": {}}]	7	1
125	2026-06-10 01:57:18.911314+01	114	William Bell	1	[{"added": {}}]	7	1
126	2026-06-10 01:57:30.748118+01	115	Robert Bellamy	1	[{"added": {}}]	7	1
127	2026-06-10 01:57:40.119039+01	116	Thomas Bellamy I	1	[{"added": {}}]	7	1
128	2026-06-10 01:57:47.211516+01	117	Thomas Bellamy II	1	[{"added": {}}]	7	1
129	2026-06-10 01:57:57.336133+01	118	William Bellamy I	1	[{"added": {}}]	7	1
130	2026-06-10 01:58:06.063029+01	119	William Bellamy II	1	[{"added": {}}]	7	1
131	2026-06-10 01:58:15.280875+01	120	William Benett	1	[{"added": {}}]	7	1
132	2026-06-10 01:58:27.985303+01	121	Benson	1	[{"added": {}}]	7	1
133	2026-06-10 01:58:39.482469+01	122	John Berewik	1	[{"added": {}}]	7	1
134	2026-06-10 01:58:47.266895+01	123	William Berkeley	1	[{"added": {}}]	7	1
135	2026-06-10 01:58:54.962372+01	124	William Berry	1	[{"added": {}}]	7	1
136	2026-06-10 01:59:05.737243+01	125	Bertram the Engineer	1	[{"added": {}}]	7	1
137	2026-06-10 01:59:17.465831+01	126	Robert Berty	1	[{"added": {}}]	7	1
138	2026-06-10 01:59:32.195608+01	127	Thomas Berty	1	[{"added": {}}]	7	1
139	2026-06-10 02:00:06.725552+01	128	Robert of Beverley	1	[{"added": {}}]	7	1
140	2026-06-10 02:00:21.053202+01	129	Ralph Biltham	1	[{"added": {}}]	7	1
141	2026-06-10 02:00:29.012211+01	130	Thomas Binks	1	[{"added": {}}]	7	1
142	2026-06-10 02:00:36.517957+01	131	John Birch	1	[{"added": {}}]	7	1
143	2026-06-10 02:00:45.334807+01	132	John Bird I	1	[{"added": {}}]	7	1
144	2026-06-10 02:00:54.012426+01	133	John Bird II	1	[{"added": {}}]	7	1
145	2026-06-10 02:01:00.265487+01	134	John Bird	1	[{"added": {}}]	7	1
146	2026-06-10 02:01:13.604598+01	135	Richard Bird	1	[{"added": {}}]	7	1
147	2026-06-10 02:01:20.970238+01	136	Thomas Bird	1	[{"added": {}}]	7	1
148	2026-06-10 02:01:32.764229+01	137	Simon Birlyngham	1	[{"added": {}}]	7	1
149	2026-06-10 02:01:42.035994+01	138	Richard Bischope	1	[{"added": {}}]	7	1
150	2026-06-10 02:01:50.174418+01	139	William Bishop	1	[{"added": {}}]	7	1
151	2026-06-10 02:02:03.646029+01	140	Richard de Bisley	1	[{"added": {}}]	7	1
152	2026-06-10 02:02:16.207499+01	141	William Blackshaw	1	[{"added": {}}]	7	1
153	2026-06-10 02:02:45.573387+01	142	Richard de Blaketoft	1	[{"added": {}}]	7	1
154	2026-06-10 02:02:53.425257+01	143	Robert de Blaston	1	[{"added": {}}]	7	1
155	2026-06-10 02:03:00.830807+01	144	Roger de Blaston	1	[{"added": {}}]	7	1
156	2026-06-10 02:03:19.857103+01	145	Gwilym ap Ieuan Bleddyn	1	[{"added": {}}]	7	1
157	2026-06-10 02:03:28.519836+01	146	Blithere	1	[{"added": {}}]	7	1
158	2026-06-10 02:03:38.184177+01	147	John de Blockley	1	[{"added": {}}]	7	1
159	2026-06-10 02:03:46.60718+01	148	Robert de Blois	1	[{"added": {}}]	7	1
160	2026-06-10 02:03:58.817347+01	149	William le Blound	1	[{"added": {}}]	7	1
161	2026-06-10 02:04:14.368217+01	150	John Blounham	1	[{"added": {}}]	7	1
162	2026-06-10 02:04:21.597877+01	151	Hugh Blowe	1	[{"added": {}}]	7	1
163	2026-06-10 02:05:49.389327+01	152	Richard Bochor	1	[{"added": {}}]	7	1
164	2026-06-10 02:05:58.724688+01	153	William Bodecote	1	[{"added": {}}]	7	1
165	2026-06-10 02:06:11.481808+01	154	William Bodekesham	1	[{"added": {}}]	7	1
166	2026-06-10 02:06:24.060317+01	155	Robert de Bokinghale	1	[{"added": {}}]	7	1
167	2026-06-10 02:06:35.284662+01	156	William de Bokton	1	[{"added": {}}]	7	1
168	2026-06-10 02:06:47.886227+01	157	Thomas Bolaz	1	[{"added": {}}]	7	1
169	2026-06-10 02:06:55.675865+01	158	John Bolrun	1	[{"added": {}}]	7	1
170	2026-06-10 02:07:04.251946+01	159	Ralph Bolrun	1	[{"added": {}}]	7	1
171	2026-06-10 02:07:13.459933+01	160	Edward Bolton	1	[{"added": {}}]	7	1
172	2026-06-10 02:07:23.324924+01	161	Hugh Bolton	1	[{"added": {}}]	7	1
173	2026-06-10 02:07:31.441501+01	162	John Bolton	1	[{"added": {}}]	7	1
174	2026-06-10 02:07:38.787682+01	163	Oliver Bolton	1	[{"added": {}}]	7	1
175	2026-06-10 02:07:47.221807+01	164	William Bolton	1	[{"added": {}}]	7	1
176	2026-06-10 02:07:57.710147+01	165	William Bonevile	1	[{"added": {}}]	7	1
177	2026-06-10 02:08:08.326548+01	166	Michael Bonversall	1	[{"added": {}}]	7	1
178	2026-06-10 02:08:16.626982+01	167	John Boore	1	[{"added": {}}]	7	1
179	2026-06-10 02:08:23.207345+01	168	John Bornat	1	[{"added": {}}]	7	1
180	2026-06-10 02:08:30.466679+01	169	John Boston	1	[{"added": {}}]	7	1
181	2026-06-10 02:08:36.936825+01	170	Hugh de Boudon	1	[{"added": {}}]	7	1
182	2026-06-10 02:08:47.377166+01	171	John de Boulton	1	[{"added": {}}]	7	1
183	2026-06-10 02:08:56.542781+01	172	John de Bourne	1	[{"added": {}}]	7	1
184	2026-06-10 02:09:09.224811+01	173	J. Bouryner	1	[{"added": {}}]	7	1
185	2026-06-10 02:09:15.981226+01	174	John Bowde	1	[{"added": {}}]	7	1
186	2026-06-10 02:09:39.60982+01	175	John Bowden	1	[{"added": {}}]	7	1
187	2026-06-10 02:09:47.111733+01	176	Ralph Bowman	1	[{"added": {}}]	7	1
188	2026-06-10 02:09:55.888524+01	177	John Box	1	[{"added": {}}]	7	1
189	2026-06-10 02:10:04.752235+01	178	William Boydell	1	[{"added": {}}]	7	1
190	2026-06-10 02:10:13.937336+01	179	William Boyden	1	[{"added": {}}]	7	1
191	2026-06-10 02:11:08.52413+01	180	Richard Bradle	1	[{"added": {}}]	7	1
192	2026-06-10 02:11:17.340619+01	181	Lawrence Bradshaw	1	[{"added": {}}]	7	1
193	2026-06-10 02:11:26.627664+01	182	William de Bramcote	1	[{"added": {}}]	7	1
194	2026-06-10 02:11:32.977781+01	183	John Branche	1	[{"added": {}}]	7	1
195	2026-06-10 02:11:43.218546+01	184	John Brankastre	1	[{"added": {}}]	7	1
196	2026-06-10 02:11:51.610701+01	185	Hugh Brasier	1	[{"added": {}}]	7	1
197	2026-06-10 02:12:16.316618+01	186	Henry de Bray	1	[{"added": {}}]	7	1
198	2026-06-10 02:12:34.076932+01	187	Reginald Bray	1	[{"added": {}}]	7	1
199	2026-06-10 02:12:42.621509+01	188	John Bredon I	1	[{"added": {}}]	7	1
200	2026-06-10 02:12:56.628751+01	189	John Bredon II	1	[{"added": {}}]	7	1
201	2026-06-10 02:13:05.101929+01	190	John Bredone	1	[{"added": {}}]	7	1
202	2026-06-10 02:13:14.869049+01	191	John Brereton	1	[{"added": {}}]	7	1
203	2026-06-10 02:13:57.701131+01	192	Adam Breton	1	[{"added": {}}]	7	1
204	2026-06-10 02:14:05.47264+01	193	John Breton	1	[{"added": {}}]	7	1
205	2026-06-10 02:14:16.19988+01	194	John Brian	1	[{"added": {}}]	7	1
206	2026-06-10 02:14:23.814136+01	195	Richard Brigges	1	[{"added": {}}]	7	1
207	2026-06-10 02:14:33.602218+01	196	Thomas Briggs I	1	[{"added": {}}]	7	1
208	2026-06-10 02:14:47.567722+01	197	Thomas Briggs II	1	[{"added": {}}]	7	1
209	2026-06-10 02:15:05.231702+01	198	Richard Bright	1	[{"added": {}}]	7	1
210	2026-06-10 02:15:15.225339+01	199	Matthew Brikeman	1	[{"added": {}}]	7	1
211	2026-06-10 02:15:29.99218+01	200	Bristol Carpenter of	1	[{"added": {}}]	7	1
212	2026-06-10 02:15:42.662957+01	201	Robert Bromehall	1	[{"added": {}}]	7	1
213	2026-06-10 02:15:48.640364+01	202	John Brond	1	[{"added": {}}]	7	1
214	2026-06-10 02:15:59.222645+01	203	Geoffrey Brook	1	[{"added": {}}]	7	1
215	2026-06-10 02:16:07.68849+01	204	John Broun	1	[{"added": {}}]	7	1
216	2026-06-10 02:16:14.603594+01	205	John Brown I	1	[{"added": {}}]	7	1
217	2026-06-10 02:16:23.381367+01	206	John Brown II	1	[{"added": {}}]	7	1
218	2026-06-10 02:16:34.90613+01	207	John Brown	1	[{"added": {}}]	7	1
219	2026-06-10 02:16:41.711145+01	208	John Brown	1	[{"added": {}}]	7	1
220	2026-06-10 02:16:48.641558+01	209	William Brown	1	[{"added": {}}]	7	1
221	2026-06-10 02:17:01.2014+01	210	William Brown	1	[{"added": {}}]	7	1
222	2026-06-10 02:17:14.474225+01	211	William Brownfleet	1	[{"added": {}}]	7	1
223	2026-06-10 02:17:23.396041+01	212	James Broyl	1	[{"added": {}}]	7	1
224	2026-06-10 02:17:34.052431+01	213	John de Brumleye	1	[{"added": {}}]	7	1
225	2026-06-10 02:17:48.764938+01	214	Robert Brusyngdon	1	[{"added": {}}]	7	1
226	2026-06-10 02:18:00.193321+01	215	Richard Buk	1	[{"added": {}}]	7	1
227	2026-06-10 02:18:06.708413+01	216	Robert Buk	1	[{"added": {}}]	7	1
228	2026-06-10 02:18:18.292442+01	217	Gregory Bukmer	1	[{"added": {}}]	7	1
229	2026-06-10 02:18:26.749059+01	218	John Bulford	1	[{"added": {}}]	7	1
230	2026-06-10 02:18:34.518705+01	219	Henry Bullock	1	[{"added": {}}]	7	1
231	2026-06-10 02:18:49.044686+01	220	John de Burcestre	1	[{"added": {}}]	7	1
232	2026-06-10 02:18:58.581002+01	221	Richard Burdon	1	[{"added": {}}]	7	1
233	2026-06-10 02:19:07.470546+01	222	William Burdon I	1	[{"added": {}}]	7	1
234	2026-06-10 02:19:15.808072+01	223	William Burdon II	1	[{"added": {}}]	7	1
235	2026-06-10 02:19:30.302253+01	224	Gilbert de Burgo	1	[{"added": {}}]	7	1
236	2026-06-10 02:19:39.197415+01	225	Ralph Burnell	1	[{"added": {}}]	7	1
237	2026-06-10 02:19:50.197858+01	226	Thomas Burrey	1	[{"added": {}}]	7	1
238	2026-06-10 02:19:59.392816+01	227	John Burton I	1	[{"added": {}}]	7	1
239	2026-06-10 02:20:05.880154+01	228	John Burton II	1	[{"added": {}}]	7	1
240	2026-06-10 02:20:12.806575+01	229	Stephen Burton	1	[{"added": {}}]	7	1
241	2026-06-10 02:20:24.384093+01	230	John de Burwell	1	[{"added": {}}]	7	1
242	2026-06-10 02:20:33.032781+01	231	Robert Burwell	1	[{"added": {}}]	7	1
243	2026-06-10 02:20:41.289457+01	232	John Bury	1	[{"added": {}}]	7	1
244	2026-06-10 02:20:57.693375+01	233	Richard de Bury	1	[{"added": {}}]	7	1
245	2026-06-10 02:21:07.552202+01	234	John Butler	1	[{"added": {}}]	7	1
246	2026-06-10 02:21:16.681152+01	235	Richard Butler	1	[{"added": {}}]	7	1
247	2026-06-10 02:21:25.076208+01	236	William Buxton	1	[{"added": {}}]	7	1
248	2026-06-10 02:21:39.425144+01	237	John Byndyll	1	[{"added": {}}]	7	1
249	2026-06-10 02:21:51.087692+01	238	John of Bytham	1	[{"added": {}}]	7	1
250	2026-06-10 02:27:36.376273+01	3	Trinity Hall	1	[{"added": {}}]	8	1
251	2026-06-10 02:27:48.624686+01	2	Westminster Palace	2	[{"changed": {"fields": ["Location"]}}]	8	1
252	2026-06-10 02:27:54.337352+01	1	Windsor Castle	2	[{"changed": {"fields": ["Location"]}}]	8	1
253	2026-06-10 23:32:32.211125+01	239	Thomas Cake	1	[{"added": {}}]	7	1
254	2026-06-10 23:32:47.930483+01	240	Gabriel Caldham	1	[{"added": {}}]	7	1
255	2026-06-10 23:32:58.988863+01	241	Walter de Calne	1	[{"added": {}}]	7	1
256	2026-06-10 23:33:15.165477+01	242	Matthew of Cambridge	1	[{"added": {}}]	7	1
257	2026-06-10 23:33:49.393872+01	243	Thomas of Cambridge	1	[{"added": {}}]	7	1
258	2026-06-10 23:33:59.425188+01	244	Nicholas of Campden	1	[{"added": {}}]	7	1
259	2026-06-10 23:34:08.416292+01	245	John Campton	1	[{"added": {}}]	7	1
260	2026-06-10 23:34:16.650391+01	246	John Canon	1	[{"added": {}}]	7	1
261	2026-06-10 23:34:23.50686+01	247	Stephen Canon	1	[{"added": {}}]	7	1
262	2026-06-10 23:34:29.747014+01	248	Thomas Canon	1	[{"added": {}}]	7	1
263	2026-06-10 23:34:41.643008+01	249	John Cantelou	1	[{"added": {}}]	7	1
264	2026-06-10 23:34:52.114582+01	250	Alexander of Canterbury	1	[{"added": {}}]	7	1
265	2026-06-10 23:35:02.092855+01	251	John of Canterbury	1	[{"added": {}}]	7	1
266	2026-06-10 23:35:11.283225+01	252	Michael of Canterbury	1	[{"added": {}}]	7	1
267	2026-06-10 23:35:35.61632+01	253	Michael of Canterbury Junior	1	[{"added": {}}]	7	1
268	2026-06-10 23:35:51.472926+01	254	Peter of Canterbury	1	[{"added": {}}]	7	1
269	2026-06-10 23:36:01.043815+01	255	Simon of Canterbury	1	[{"added": {}}]	7	1
270	2026-06-10 23:36:10.516377+01	256	Thomas of Canterbury	1	[{"added": {}}]	7	1
271	2026-06-10 23:36:21.332141+01	257	Walter of Canterbury	1	[{"added": {}}]	7	1
272	2026-06-10 23:36:29.381767+01	258	Walter Capell	1	[{"added": {}}]	7	1
273	2026-06-10 23:36:39.310382+01	259	Adam Carlton	1	[{"added": {}}]	7	1
274	2026-06-10 23:36:57.988891+01	260	Geoffrey of Carlton	1	[{"added": {}}]	7	1
275	2026-06-10 23:37:10.433138+01	261	Miles de Carlton	1	[{"added": {}}]	7	1
276	2026-06-10 23:37:17.208997+01	262	Robert Carow	1	[{"added": {}}]	7	1
277	2026-06-10 23:37:32.585335+01	263	Richard Carpenter	1	[{"added": {}}]	7	1
278	2026-06-10 23:37:40.607281+01	264	Stephen Carpenter	1	[{"added": {}}]	7	1
279	2026-06-10 23:37:50.441613+01	265	William Carpenter	1	[{"added": {}}]	7	1
280	2026-06-10 23:38:02.777759+01	266	John Carter	1	[{"added": {}}]	7	1
281	2026-06-10 23:38:13.241045+01	267	William Carter	1	[{"added": {}}]	7	1
282	2026-06-10 23:38:22.00637+01	268	David Carver	1	[{"added": {}}]	7	1
283	2026-06-10 23:38:29.463044+01	269	John Catelyn	1	[{"added": {}}]	7	1
284	2026-06-10 23:38:54.271987+01	270	John Causton	1	[{"added": {}}]	7	1
285	2026-06-10 23:40:53.223967+01	4	Eleanor Cross	1	[{"added": {}}]	8	1
286	2026-06-10 23:41:17.021008+01	5	Eleanor Cross	1	[{"added": {}}]	8	1
287	2026-06-10 23:49:29.016196+01	3	Trinity Hall	2	[{"changed": {"fields": ["County"]}}]	8	1
288	2026-06-10 23:49:49.977401+01	2	Westminster Palace	2	[{"changed": {"fields": ["County"]}}]	8	1
289	2026-06-10 23:50:02.237663+01	1	Windsor Castle	2	[{"changed": {"fields": ["County"]}}]	8	1
290	2026-06-10 23:50:15.52501+01	4	Eleanor Cross	2	[{"changed": {"fields": ["County"]}}]	8	1
291	2026-06-10 23:50:57.719479+01	4	Eleanor Cross	2	[{"changed": {"fields": ["County"]}}]	8	1
292	2026-06-10 23:51:19.417539+01	5	Eleanor Cross	2	[{"changed": {"fields": ["County"]}}]	8	1
293	2026-06-11 10:09:19.467485+01	271	Thomas Chafyn	1	[{"added": {}}]	7	1
294	2026-06-11 10:09:31.120036+01	272	Thomas Chalmer	1	[{"added": {}}]	7	1
295	2026-06-11 10:09:41.013093+01	273	John Chamberlain	1	[{"added": {}}]	7	1
296	2026-06-11 10:09:50.090275+01	274	Richard Chamberlain	1	[{"added": {}}]	7	1
297	2026-06-11 10:09:59.11596+01	275	Chambyr	1	[{"added": {}}]	7	1
298	2026-06-11 10:10:08.370565+01	276	William Champneys	1	[{"added": {}}]	7	1
299	2026-06-11 10:10:18.151612+01	277	William Chancellor	1	[{"added": {}}]	7	1
300	2026-06-11 10:10:28.942378+01	278	John Chapman	1	[{"added": {}}]	7	1
301	2026-06-11 10:10:36.798762+01	279	William Chapman	1	[{"added": {}}]	7	1
302	2026-06-11 10:10:46.18647+01	280	William Chaumere	1	[{"added": {}}]	7	1
303	2026-06-11 10:10:53.332352+01	281	John Cheney	1	[{"added": {}}]	7	1
304	2026-06-11 10:11:09.604391+01	282	Philip de Cherche	1	[{"added": {}}]	7	1
305	2026-06-11 10:11:22.804447+01	283	Richard at Cherche	1	[{"added": {}}]	7	1
306	2026-06-11 10:11:31.971594+01	284	Richard Cheryholme	1	[{"added": {}}]	7	1
307	2026-06-11 10:11:52.61567+01	285	Chester Master of the Abbot of	1	[{"added": {}}]	7	1
308	2026-06-11 10:12:01.869938+01	286	Nicholas de Chester	1	[{"added": {}}]	7	1
309	2026-06-11 10:12:10.158322+01	287	William Chesterfield	1	[{"added": {}}]	7	1
310	2026-06-11 10:12:20.93731+01	288	Handekyn de Chesterton	1	[{"added": {}}]	7	1
311	2026-06-11 10:12:29.223493+01	289	Richard Chevynton	1	[{"added": {}}]	7	1
312	2026-06-11 10:12:46.021746+01	290	Chichester Carpenter of	1	[{"added": {}}]	7	1
313	2026-06-11 10:12:54.117375+01	291	Ralph of Chichester	1	[{"added": {}}]	7	1
314	2026-06-11 10:12:59.650664+01	292	John Child	1	[{"added": {}}]	7	1
315	2026-06-11 10:13:06.894675+01	293	John of Christchurch	1	[{"added": {}}]	7	1
316	2026-06-11 10:13:22.412235+01	294	Christian the Mason	1	[{"added": {}}]	7	1
317	2026-06-11 10:13:30.297175+01	295	William Chuddere	1	[{"added": {}}]	7	1
318	2026-06-11 10:13:39.997174+01	296	John Clavyll	1	[{"added": {}}]	7	1
319	2026-06-11 10:13:48.110458+01	297	John Clement	1	[{"added": {}}]	7	1
320	2026-06-11 10:13:55.755956+01	298	William Clement	1	[{"added": {}}]	7	1
321	2026-06-11 10:14:16.449574+01	299	Simon Clenchwarton	1	[{"added": {}}]	7	1
322	2026-06-11 10:14:23.992203+01	300	Cornelius Clerk	1	[{"added": {}}]	7	1
323	2026-06-11 10:14:29.976895+01	301	Henry Clerk	1	[{"added": {}}]	7	1
324	2026-06-11 10:14:36.490581+01	302	John Clerk	1	[{"added": {}}]	7	1
325	2026-06-11 10:14:45.009411+01	303	Robert Clerk I	1	[{"added": {}}]	7	1
326	2026-06-11 10:14:53.054841+01	304	Robert Clerk II	1	[{"added": {}}]	7	1
327	2026-06-11 10:15:21.219962+01	305	Simon Clerk	1	[{"added": {}}]	7	1
328	2026-06-11 10:15:47.107904+01	306	Thomas Cleuere	1	[{"added": {}}]	7	1
329	2026-06-11 10:15:51.780734+01	307	John Clife	1	[{"added": {}}]	7	1
330	2026-06-11 10:15:59.451827+01	308	John Clifford	1	[{"added": {}}]	7	1
331	2026-06-11 10:16:13.652106+01	309	John Cloyner	1	[{"added": {}}]	7	1
332	2026-06-11 10:16:22.81048+01	310	Thomas Clopton	1	[{"added": {}}]	7	1
333	2026-06-11 10:18:00.887104+01	311	John Clydrowe	1	[{"added": {}}]	7	1
334	2026-06-11 10:18:12.727605+01	312	William Clyff	1	[{"added": {}}]	7	1
335	2026-06-11 10:18:20.241397+01	313	John Clyve	1	[{"added": {}}]	7	1
336	2026-06-11 10:18:28.67003+01	314	Robert Cobb	1	[{"added": {}}]	7	1
337	2026-06-11 10:18:37.768331+01	315	William Cobold	1	[{"added": {}}]	7	1
338	2026-06-11 10:18:46.075538+01	316	Thomas Cobyn	1	[{"added": {}}]	7	1
339	2026-06-11 10:19:14.539007+01	317	Humphrey Coke	1	[{"added": {}}]	7	1
340	2026-06-11 10:19:20.910099+01	318	John Coke	1	[{"added": {}}]	7	1
341	2026-06-11 10:19:29.648444+01	319	Roger Coke	1	[{"added": {}}]	7	1
342	2026-06-11 10:19:42.191164+01	320	John Coket	1	[{"added": {}}]	7	1
343	2026-06-11 10:20:40.811128+01	321	Richard Cokker	1	[{"added": {}}]	7	1
344	2026-06-11 10:20:50.36994+01	322	Nicholas Coksegge	1	[{"added": {}}]	7	1
345	2026-06-11 10:20:56.276047+01	323	John Colchester	1	[{"added": {}}]	7	1
346	2026-06-11 10:21:08.289979+01	324	Walter of Colchester	1	[{"added": {}}]	7	1
347	2026-06-11 10:21:15.930621+01	325	William Colchester	1	[{"added": {}}]	7	1
348	2026-06-11 10:21:23.888371+01	326	John Cole	1	[{"added": {}}]	7	1
349	2026-06-11 10:21:29.868152+01	327	John Cole	1	[{"added": {}}]	7	1
350	2026-06-11 10:21:40.699566+01	328	Robert de Colebrook	1	[{"added": {}}]	7	1
351	2026-06-11 10:22:17.159147+01	329	Peter of Colechurch	1	[{"added": {}}]	7	1
352	2026-06-11 10:22:25.147684+01	330	John de Colonia	1	[{"added": {}}]	7	1
353	2026-06-11 10:22:34.066269+01	331	John de Colwyk	1	[{"added": {}}]	7	1
354	2026-06-11 10:22:41.938557+01	332	Thomas Colyer	1	[{"added": {}}]	7	1
355	2026-06-11 10:22:49.579411+01	333	Piers Colyn	1	[{"added": {}}]	7	1
356	2026-06-11 10:22:57.229569+01	334	Thomas Colyn	1	[{"added": {}}]	7	1
357	2026-06-11 10:23:38.328218+01	335	William Comber	1	[{"added": {}}]	7	1
358	2026-06-11 10:23:52.72553+01	336	Richard Combes	1	[{"added": {}}]	7	1
359	2026-06-11 10:24:02.933035+01	337	John de Compton	1	[{"added": {}}]	7	1
360	2026-06-11 10:24:10.950721+01	338	Conan the Mason	1	[{"added": {}}]	7	1
361	2026-06-11 10:24:22.495478+01	339	Robert Cony	1	[{"added": {}}]	7	1
362	2026-06-11 10:24:31.468933+01	340	Thomas Cook I	1	[{"added": {}}]	7	1
363	2026-06-11 10:24:41.950784+01	341	Thomas Cook II	1	[{"added": {}}]	7	1
364	2026-06-11 10:24:58.510437+01	342	Geoffrey Cooper	1	[{"added": {}}]	7	1
365	2026-06-11 10:25:06.425218+01	343	Walter Coorland	1	[{"added": {}}]	7	1
366	2026-06-11 10:25:23.824068+01	344	Thomas Copdoke	1	[{"added": {}}]	7	1
367	2026-06-11 10:25:30.559439+01	345	John Copdoke	1	[{"added": {}}]	7	1
368	2026-06-11 10:25:41.460529+01	346	Henry Corant	1	[{"added": {}}]	7	1
369	2026-06-11 11:09:37.206658+01	347	Gilbert de Corbridge	1	[{"added": {}}]	7	1
370	2026-06-11 11:09:46.129739+01	348	Robert de Corby	1	[{"added": {}}]	7	1
371	2026-06-11 11:09:52.934782+01	349	John de Corfe	1	[{"added": {}}]	7	1
372	2026-06-11 11:09:58.477513+01	350	John Cornwall	1	[{"added": {}}]	7	1
373	2026-06-11 11:10:06.034177+01	351	John de Corscombe	1	[{"added": {}}]	7	1
374	2026-06-11 11:10:14.288087+01	352	William Corvehill	1	[{"added": {}}]	7	1
375	2026-06-11 11:10:25.217214+01	353	John Coryngdon	1	[{"added": {}}]	7	1
376	2026-06-11 11:10:32.138471+01	354	Richard Coterel	1	[{"added": {}}]	7	1
377	2026-06-11 11:10:37.936182+01	355	John Cotom	1	[{"added": {}}]	7	1
378	2026-06-11 11:10:45.955007+01	356	William Cottingham	1	[{"added": {}}]	7	1
379	2026-06-11 11:10:53.788586+01	357	Andrew Couper	1	[{"added": {}}]	7	1
380	2026-06-11 11:11:00.339541+01	358	John Couper	1	[{"added": {}}]	7	1
381	2026-06-11 11:11:06.115943+01	359	Robert Couper	1	[{"added": {}}]	7	1
382	2026-06-11 11:11:26.153501+01	360	John Courtley	1	[{"added": {}}]	7	1
383	2026-06-11 11:11:32.744882+01	361	Thomas Coventry	1	[{"added": {}}]	7	1
384	2026-06-11 11:11:38.033926+01	362	Walter Coventry	1	[{"added": {}}]	7	1
385	2026-06-11 11:11:49.857281+01	363	Coventry the Mason of	1	[{"added": {}}]	7	1
386	2026-06-11 11:11:58.511426+01	364	John Cowper	1	[{"added": {}}]	7	1
387	2026-06-11 11:12:46.202366+01	365	Nicholas Cowper	1	[{"added": {}}]	7	1
388	2026-06-11 11:12:51.874817+01	366	William Cowper	1	[{"added": {}}]	7	1
389	2026-06-11 11:12:59.77863+01	367	Robert Coyny	1	[{"added": {}}]	7	1
390	2026-06-11 11:13:06.548153+01	368	Richard of Cracall	1	[{"added": {}}]	7	1
391	2026-06-11 11:13:12.534467+01	369	John Crakall	1	[{"added": {}}]	7	1
392	2026-06-11 11:13:18.227219+01	370	John Craneby	1	[{"added": {}}]	7	1
393	2026-06-11 11:13:25.882221+01	371	John de Cranswick	1	[{"added": {}}]	7	1
394	2026-06-11 11:13:35.530842+01	372	Nicholas Craven	1	[{"added": {}}]	7	1
395	2026-06-11 11:13:43.46748+01	373	John Cressing	1	[{"added": {}}]	7	1
396	2026-06-11 11:13:52.827871+01	374	Thomas Crikylwode	1	[{"added": {}}]	7	1
397	2026-06-11 11:13:59.477795+01	375	William Crofton	1	[{"added": {}}]	7	1
398	2026-06-11 11:20:29.42719+01	376	Richard Croke	1	[{"added": {}}]	7	1
399	2026-06-11 11:20:40.605883+01	377	Robert Crosby	1	[{"added": {}}]	7	1
400	2026-06-11 11:20:55.785442+01	378	Benedict Crosse	1	[{"added": {}}]	7	1
401	2026-06-11 11:21:08.593231+01	379	John Cross	1	[{"added": {}}]	7	1
402	2026-06-11 11:21:16.934192+01	380	William Crowe	1	[{"added": {}}]	7	1
403	2026-06-11 11:21:24.415276+01	381	John Croxton	1	[{"added": {}}]	7	1
404	2026-06-11 11:21:33.123993+01	382	William de Croyland	1	[{"added": {}}]	7	1
405	2026-06-11 11:21:40.957857+01	383	Thomas Crump	1	[{"added": {}}]	7	1
406	2026-06-11 11:21:48.991042+01	384	Richard Crundale	1	[{"added": {}}]	7	1
407	2026-06-11 11:21:55.903465+01	385	Roger Crundale	1	[{"added": {}}]	7	1
408	2026-06-11 11:22:03.381581+01	386	Robert Curraunt	1	[{"added": {}}]	7	1
409	2026-06-11 11:22:10.328662+01	387	John Curteys	1	[{"added": {}}]	7	1
410	2026-06-11 11:22:18.093894+01	388	Richard Curteys	1	[{"added": {}}]	7	1
411	2026-06-11 11:22:24.393501+01	389	John Cutting	1	[{"added": {}}]	7	1
412	2026-06-11 11:22:40.134074+01	390	Richard Cutting	1	[{"added": {}}]	7	1
413	2026-06-11 11:22:46.80514+01	391	Thomas Cutting	1	[{"added": {}}]	7	1
414	2026-06-11 11:22:59.586281+01	392	William Cutting	1	[{"added": {}}]	7	1
415	2026-06-11 19:35:19.584793+01	1	fl. 1499	1	[{"added": {}}]	9	1
416	2026-06-11 19:35:41.085104+01	1	fl. 1499	2	[{"changed": {"fields": ["Qualifier"]}}]	9	1
417	2026-06-11 19:35:52.090305+01	1	fl. 1499	2	[{"changed": {"fields": ["Start year"]}}]	9	1
418	2026-06-11 19:35:57.984826+01	1	fl. 1499–None	2	[{"changed": {"fields": ["Original label"]}}]	9	1
419	2026-06-11 19:36:15.25525+01	1	fl. 1499–None	2	[]	9	1
420	2026-06-11 19:36:49.984618+01	392	William Cutting	2	[{"changed": {"fields": ["Floruit"]}}]	7	1
421	2026-06-11 19:44:17.87219+01	1	fl. 1482–1483	2	[{"changed": {"fields": ["Start year", "End year"]}}]	9	1
422	2026-06-11 19:44:19.404561+01	392	William Cutting	2	[]	7	1
423	2026-06-11 19:45:13.004572+01	2	None	1	[{"added": {}}]	9	1
424	2026-06-11 19:45:27.553122+01	2	1982	2	[{"changed": {"fields": ["Start year", "End year"]}}]	9	1
425	2026-06-11 19:46:19.340567+01	392	William Cutting	2	[{"changed": {"fields": ["Death"]}}]	7	1
426	2026-06-11 19:46:53.605767+01	392	William Cutting	2	[{"changed": {"fields": ["Death"]}}]	7	1
427	2026-06-11 19:47:13.65193+01	2	1982	3		9	1
428	2026-07-18 00:10:53.03186+01	3	c. 1124	1	[{"added": {}}]	9	1
429	2026-07-18 00:11:04.787965+01	4	1153	1	[{"added": {}}]	9	1
430	2026-07-18 00:11:07.703866+01	42	Alwin the Mason	2	[{"changed": {"fields": ["Floruit start", "Floruit end"]}}]	7	1
431	2026-07-18 00:15:51.050381+01	5	1235	1	[{"added": {}}]	9	1
432	2026-07-18 00:16:00.209135+01	6	1257	1	[{"added": {}}]	9	1
433	2026-07-18 00:16:01.414193+01	34	Alexander the Mason III	2	[{"changed": {"fields": ["Role", "Floruit start", "Floruit end"]}}]	7	1
434	2026-07-18 00:16:15.195438+01	5	c. 1235	2	[{"changed": {"fields": ["Qualifier"]}}]	9	1
435	2026-07-18 00:16:16.64821+01	34	Alexander the Mason III	2	[]	7	1
436	2026-07-18 00:17:34.367687+01	1	unknown	3		9	1
437	2026-07-18 13:17:57.110805+01	42	Alwin the Mason	2	[{"changed": {"fields": ["Role"]}}]	7	1
438	2026-07-18 13:21:18.168218+01	7	1478	1	[{"added": {}}]	9	1
439	2026-07-18 13:21:25.528564+01	8	1488	1	[{"added": {}}]	9	1
440	2026-07-18 13:21:34.323892+01	111	John Bell Junior	2	[{"changed": {"fields": ["Floruit start", "Floruit end"]}}]	7	1
441	2026-07-18 13:21:56.600998+01	9	1485	1	[{"added": {}}]	9	1
442	2026-07-18 13:22:05.978908+01	10	1555	1	[{"added": {}}]	9	1
443	2026-07-18 13:22:08.193348+01	127	Thomas Berty	2	[{"changed": {"fields": ["Floruit start", "Death"]}}]	7	1
444	2026-07-18 13:22:28.511199+01	11	1253	1	[{"added": {}}]	9	1
445	2026-07-18 13:22:37.289818+01	12	1285	1	[{"added": {}}]	9	1
446	2026-07-18 13:22:38.826833+01	128	Robert of Beverley	2	[{"changed": {"fields": ["Floruit start", "Death"]}}]	7	1
447	2026-07-18 13:27:31.27978+01	13	1333	1	[{"added": {}}]	9	1
448	2026-07-18 13:27:37.639215+01	14	1375	1	[{"added": {}}]	9	1
449	2026-07-18 13:27:39.390538+01	177	John Box	2	[{"changed": {"fields": ["Floruit start", "Death"]}}]	7	1
450	2026-07-18 13:28:00.472651+01	15	1542	1	[{"added": {}}]	9	1
451	2026-07-18 13:28:05.222062+01	16	1581	1	[{"added": {}}]	9	1
452	2026-07-18 13:28:06.984248+01	181	Lawrence Bradshaw	2	[{"changed": {"fields": ["Floruit start", "Death"]}}]	7	1
453	2026-07-18 13:28:18.270763+01	17	1470	1	[{"added": {}}]	9	1
454	2026-07-18 13:28:21.935068+01	18	1496	1	[{"added": {}}]	9	1
455	2026-07-18 13:28:23.385314+01	194	John Brian	2	[{"changed": {"fields": ["Floruit start", "Death"]}}]	7	1
456	2026-07-18 13:28:45.230331+01	19	1482	1	[{"added": {}}]	9	1
457	2026-07-18 13:28:54.138684+01	20	1523	1	[{"added": {}}]	9	1
458	2026-07-18 13:28:55.651637+01	211	William Brownfleet	2	[{"changed": {"fields": ["Floruit start", "Floruit end"]}}]	7	1
459	2026-07-18 13:32:44.251629+01	21	1275	1	[{"added": {}}]	9	1
460	2026-07-18 13:32:50.020422+01	22	1321	1	[{"added": {}}]	9	1
461	2026-07-18 13:32:52.176913+01	252	Michael of Canterbury	2	[{"changed": {"fields": ["Floruit start", "Death"]}}]	7	1
462	2026-07-18 13:33:15.26937+01	23	1323	1	[{"added": {}}]	9	1
463	2026-07-18 13:33:20.277198+01	24	1335	1	[{"added": {}}]	9	1
464	2026-07-18 13:33:21.82991+01	256	Thomas of Canterbury	2	[{"changed": {"fields": ["Floruit start", "Floruit end"]}}]	7	1
465	2026-07-18 13:36:45.653081+01	25	c. 1448	1	[{"added": {}}]	9	1
466	2026-07-18 13:37:00.978213+01	26	1459	1	[{"added": {}}]	9	1
467	2026-07-18 13:37:02.533708+01	302	John Clerk	2	[{"changed": {"fields": ["Floruit start", "Death"]}}]	7	1
468	2026-07-18 13:37:22.674218+01	27	1434	1	[{"added": {}}]	9	1
469	2026-07-18 13:37:29.631489+01	28	1489	1	[{"added": {}}]	9	1
470	2026-07-18 13:37:33.299309+01	305	Simon Clerk	2	[{"changed": {"fields": ["Floruit start", "Death"]}}]	7	1
471	2026-07-18 13:37:53.555976+01	29	1362	1	[{"added": {}}]	9	1
472	2026-07-18 13:37:57.976722+01	30	1392	1	[{"added": {}}]	9	1
473	2026-07-18 13:37:59.475675+01	313	John Clyve	2	[{"changed": {"fields": ["Floruit start", "Floruit end"]}}]	7	1
474	2026-07-18 13:39:02.189924+01	31	1496	1	[{"added": {}}]	9	1
475	2026-07-18 13:39:06.661545+01	32	1531	1	[{"added": {}}]	9	1
476	2026-07-18 13:39:09.036579+01	317	Humphrey Coke	2	[{"changed": {"fields": ["Floruit start", "Death"]}}]	7	1
477	2026-07-18 13:39:51.248573+01	33	1385	1	[{"added": {}}]	9	1
478	2026-07-18 13:39:54.896607+01	34	1420	1	[{"added": {}}]	9	1
479	2026-07-18 13:39:57.162947+01	325	William Colchester	2	[{"changed": {"fields": ["Floruit start", "Death"]}}]	7	1
480	2026-07-18 13:41:06.76845+01	35	1501	1	[{"added": {}}]	9	1
481	2026-07-18 13:41:11.678353+01	36	1504	1	[{"added": {}}]	9	1
482	2026-07-18 13:41:13.523353+01	327	John Cole	2	[{"changed": {"fields": ["Floruit start", "Floruit end"]}}]	7	1
483	2026-07-18 13:41:43.528237+01	37	c. 1025	1	[{"added": {}}]	9	1
484	2026-07-18 13:41:49.23097+01	38	1049	1	[{"added": {}}]	9	1
485	2026-07-18 13:41:51.778264+01	343	Walter Coorland	2	[{"changed": {"fields": ["Floruit start", "Floruit end"]}}]	7	1
486	2026-07-18 13:42:36.050416+01	39	1453	1	[{"added": {}}]	9	1
487	2026-07-18 13:42:40.946138+01	40	1484	1	[{"added": {}}]	9	1
488	2026-07-18 13:42:42.464294+01	364	John Cowper	2	[{"changed": {"fields": ["Floruit start", "Floruit end"]}}]	7	1
489	2026-07-18 13:42:56.818361+01	41	1411	1	[{"added": {}}]	9	1
490	2026-07-18 13:43:00.275196+01	42	1447	1	[{"added": {}}]	9	1
491	2026-07-18 13:43:02.435803+01	381	John Croxton	2	[{"changed": {"fields": ["Floruit start", "Floruit end"]}}]	7	1
492	2026-07-18 13:43:20.667283+01	43	1281	1	[{"added": {}}]	9	1
493	2026-07-18 13:43:27.755489+01	44	1293	1	[{"added": {}}]	9	1
494	2026-07-18 13:43:29.612201+01	384	Richard Crundale	2	[{"changed": {"fields": ["Floruit start", "Death"]}}]	7	1
495	2026-07-18 13:44:02.132748+01	45	1461	1	[{"added": {}}]	9	1
496	2026-07-18 13:44:07.618386+01	46	1487	1	[{"added": {}}]	9	1
497	2026-07-18 13:44:15.212525+01	393	Thomas Danyell	1	[{"added": {}}]	7	1
498	2026-07-18 13:44:37.965705+01	47	1309	1	[{"added": {}}]	9	1
499	2026-07-18 13:44:42.804316+01	48	1331	1	[{"added": {}}]	9	1
500	2026-07-18 13:44:46.785329+01	394	Nicholas de Derneford	1	[{"added": {}}]	7	1
501	2026-07-18 13:45:13.946622+01	49	1495	1	[{"added": {}}]	9	1
502	2026-07-18 13:45:19.886454+01	50	1529	1	[{"added": {}}]	9	1
503	2026-07-18 13:45:22.327146+01	395	Thomas Drawswerd	1	[{"added": {}}]	7	1
504	2026-07-18 13:45:55.566211+01	51	1304	1	[{"added": {}}]	9	1
505	2026-07-18 13:46:00.246976+01	52	1322	1	[{"added": {}}]	9	1
506	2026-07-18 13:46:03.37926+01	396	Henry de Ellerton	1	[{"added": {}}]	7	1
507	2026-07-18 13:46:22.294965+01	53	1438	1	[{"added": {}}]	9	1
508	2026-07-18 13:46:33.750671+01	54	1471	1	[{"added": {}}]	9	1
509	2026-07-18 13:46:40.331961+01	397	Reginald Ely	1	[{"added": {}}]	7	1
510	2026-07-18 13:46:56.182309+01	55	1440	1	[{"added": {}}]	9	1
511	2026-07-18 13:47:01.247826+01	56	1485	1	[{"added": {}}]	9	1
512	2026-07-18 13:47:05.066512+01	398	Robert Everard	1	[{"added": {}}]	7	1
513	2026-07-18 13:48:32.762273+01	57	1301	1	[{"added": {}}]	9	1
514	2026-07-18 13:48:36.843569+01	58	1343	1	[{"added": {}}]	9	1
515	2026-07-18 13:48:40.125714+01	399	Henry de Eynsham	1	[{"added": {}}]	7	1
516	2026-07-18 13:48:54.884441+01	59	1322	1	[{"added": {}}]	9	1
517	2026-07-18 13:49:00.202621+01	60	1336	1	[{"added": {}}]	9	1
518	2026-07-18 13:49:02.569961+01	400	William de Eyton	1	[{"added": {}}]	7	1
519	2026-07-18 13:49:15.185708+01	61	1332	1	[{"added": {}}]	9	1
520	2026-07-18 13:49:19.302199+01	62	1365	1	[{"added": {}}]	9	1
521	2026-07-18 13:49:22.092501+01	401	Richard of Farleigh	1	[{"added": {}}]	7	1
522	2026-07-18 13:49:39.389967+01	63	1331	1	[{"added": {}}]	9	1
523	2026-07-18 13:49:43.818963+01	64	1362	1	[{"added": {}}]	9	1
524	2026-07-18 13:49:45.792641+01	402	Raynard Fonoyll	1	[{"added": {}}]	7	1
525	2026-07-18 13:50:03.391692+01	65	1515	1	[{"added": {}}]	9	1
526	2026-07-18 13:50:08.634253+01	66	1558	1	[{"added": {}}]	9	1
527	2026-07-18 13:50:11.014959+01	403	John Forman	1	[{"added": {}}]	7	1
528	2026-07-18 13:50:29.195852+01	67	c. 1245	1	[{"added": {}}]	9	1
529	2026-07-18 13:50:34.44318+01	68	1260	1	[{"added": {}}]	9	1
530	2026-07-18 13:50:36.302346+01	404	John of Gloucester	1	[{"added": {}}]	7	1
531	2026-07-18 13:50:52.304467+01	69	1444	1	[{"added": {}}]	9	1
532	2026-07-18 13:50:56.524983+01	70	1484	1	[{"added": {}}]	9	1
533	2026-07-18 13:51:01.35909+01	405	Edmund Graveley	1	[{"added": {}}]	7	1
534	2026-07-18 13:51:16.884294+01	71	1462	1	[{"added": {}}]	9	1
535	2026-07-18 13:51:21.450525+01	72	1493	1	[{"added": {}}]	9	1
536	2026-07-18 13:51:33.621417+01	406	William Graver	1	[{"added": {}}]	7	1
537	2026-07-18 13:51:56.950374+01	73	1539	1	[{"added": {}}]	9	1
538	2026-07-18 13:52:03.007108+01	74	1543	1	[{"added": {}}]	9	1
539	2026-07-18 13:52:05.393825+01	407	Stephen von Haschenperg	1	[{"added": {}}]	7	1
540	2026-07-18 13:52:18.334636+01	75	1319	1	[{"added": {}}]	9	1
541	2026-07-18 13:52:22.569989+01	76	1375	1	[{"added": {}}]	9	1
542	2026-07-18 13:52:24.682758+01	408	William de Helpeston	1	[{"added": {}}]	7	1
543	2026-07-18 13:52:44.180206+01	77	1277	1	[{"added": {}}]	9	1
544	2026-07-18 13:52:48.754234+01	78	1309	1	[{"added": {}}]	9	1
545	2026-07-18 13:52:50.515495+01	409	Walter of Hereford	1	[{"added": {}}]	7	1
546	2026-07-18 13:53:06.464127+01	79	c. 1330	1	[{"added": {}}]	9	1
547	2026-07-18 13:53:16.617385+01	80	c. 1411	1	[{"added": {}}]	9	1
548	2026-07-18 13:53:18.764402+01	410	Hugh Herland	1	[{"added": {}}]	7	1
549	2026-07-18 14:55:09.987368+01	81	1332	1	[{"added": {}}]	9	1
550	2026-07-18 14:55:15.330251+01	82	1375	1	[{"added": {}}]	9	1
551	2026-07-18 14:55:17.440881+01	411	William Herland	1	[{"added": {}}]	7	1
552	2026-07-18 14:55:38.363528+01	83	1400	1	[{"added": {}}]	9	1
553	2026-07-18 14:55:43.41969+01	84	1442	1	[{"added": {}}]	9	1
554	2026-07-18 14:55:46.020809+01	412	Robert Hulle	1	[{"added": {}}]	7	1
555	2026-07-18 14:55:58.393744+01	85	1440	1	[{"added": {}}]	9	1
556	2026-07-18 14:56:04.493309+01	86	1486	1	[{"added": {}}]	9	1
557	2026-07-18 14:56:07.908619+01	413	William Hunt	1	[{"added": {}}]	7	1
558	2026-07-18 14:56:20.076706+01	87	1319	1	[{"added": {}}]	9	1
559	2026-07-18 14:56:24.795818+01	88	1354	1	[{"added": {}}]	9	1
560	2026-07-18 14:56:27.519664+01	414	William Hurley	1	[{"added": {}}]	7	1
561	2026-07-18 14:56:45.183769+01	89	1401	1	[{"added": {}}]	9	1
562	2026-07-18 14:56:49.755838+01	90	1433	1	[{"added": {}}]	9	1
563	2026-07-18 14:56:55.344468+01	415	Thomas Hyndeley	1	[{"added": {}}]	7	1
564	2026-07-18 14:57:08.172516+01	91	1466	1	[{"added": {}}]	9	1
565	2026-07-18 14:57:12.738864+01	92	1505	1	[{"added": {}}]	9	1
566	2026-07-18 14:57:15.907668+01	416	William Hyndeley	1	[{"added": {}}]	7	1
567	2026-07-18 14:57:28.164368+01	93	1453	1	[{"added": {}}]	9	1
568	2026-07-18 14:57:33.445791+01	94	1483	1	[{"added": {}}]	9	1
569	2026-07-18 14:57:35.927359+01	417	Henry Janyns	1	[{"added": {}}]	7	1
570	2026-07-18 14:57:59.815738+01	95	1499	1	[{"added": {}}]	9	1
571	2026-07-18 14:58:05.326216+01	96	1506	1	[{"added": {}}]	9	1
572	2026-07-18 14:58:08.016058+01	418	Robert Janyns Junior	1	[{"added": {}}]	7	1
573	2026-07-18 14:58:20.965475+01	97	1329	1	[{"added": {}}]	9	1
574	2026-07-18 14:58:24.931295+01	98	1347	1	[{"added": {}}]	9	1
575	2026-07-18 14:58:26.708191+01	419	William Joy	1	[{"added": {}}]	7	1
576	2026-07-18 14:58:44.237327+01	99	1343	1	[{"added": {}}]	9	1
577	2026-07-18 14:58:57.846954+01	100	1388	1	[{"added": {}}]	9	1
578	2026-07-18 14:59:00.56165+01	420	Hugh Kympton	1	[{"added": {}}]	7	1
579	2026-07-18 14:59:12.185763+01	101	1506	1	[{"added": {}}]	9	1
580	2026-07-18 14:59:16.296484+01	102	1529	1	[{"added": {}}]	9	1
581	2026-07-18 14:59:20.072797+01	421	John Lebons	1	[{"added": {}}]	7	1
582	2026-07-18 14:59:30.501961+01	103	1487	1	[{"added": {}}]	9	1
583	2026-07-18 14:59:34.920383+01	104	1522	1	[{"added": {}}]	9	1
584	2026-07-18 14:59:37.757498+01	422	John Lee	1	[{"added": {}}]	7	1
585	2026-07-18 14:59:49.751772+01	105	1525	1	[{"added": {}}]	9	1
586	2026-07-18 14:59:55.895709+01	106	1535	1	[{"added": {}}]	9	1
587	2026-07-18 14:59:59.315025+01	423	Richard Lee	1	[{"added": {}}]	7	1
588	2026-07-18 15:00:12.527076+01	107	1513	1	[{"added": {}}]	9	1
589	2026-07-18 15:00:17.082293+01	108	1575	1	[{"added": {}}]	9	1
590	2026-07-18 15:00:20.707768+01	424	Sir Richard Lee	1	[{"added": {}}]	7	1
591	2026-07-18 15:00:38.75292+01	109	1349	1	[{"added": {}}]	9	1
592	2026-07-18 15:00:44.842329+01	110	1351	1	[{"added": {}}]	9	1
593	2026-07-18 15:00:48.813687+01	425	John Leicester	1	[{"added": {}}]	7	1
594	2026-07-18 15:01:00.371033+01	111	1272	1	[{"added": {}}]	9	1
595	2026-07-18 15:01:10.641382+01	112	c. 1315	1	[{"added": {}}]	9	1
596	2026-07-18 15:01:12.699061+01	426	Richard Lenginour	1	[{"added": {}}]	7	1
597	2026-07-18 15:01:34.129138+01	113	1308	1	[{"added": {}}]	9	1
598	2026-07-18 15:01:38.538439+01	114	1327	1	[{"added": {}}]	9	1
599	2026-07-18 15:01:41.723365+01	427	Robert Lengynour I	1	[{"added": {}}]	7	1
600	2026-07-18 15:01:53.579539+01	115	1376	1	[{"added": {}}]	9	1
601	2026-07-18 15:01:57.387625+01	116	1394	1	[{"added": {}}]	9	1
602	2026-07-18 15:02:00.266533+01	428	Robert Lesyngham	1	[{"added": {}}]	7	1
603	2026-07-18 15:02:14.284067+01	117	1364	1	[{"added": {}}]	9	1
604	2026-07-18 15:02:24.53786+01	118	c. 1398	1	[{"added": {}}]	9	1
605	2026-07-18 15:02:28.45394+01	429	John Lewyn	1	[{"added": {}}]	7	1
606	2026-07-18 15:02:40.299163+01	119	1381	1	[{"added": {}}]	9	1
607	2026-07-18 15:02:48.604897+01	120	1417	1	[{"added": {}}]	9	1
608	2026-07-18 15:02:50.954673+01	430	Stephen Lote	1	[{"added": {}}]	7	1
609	2026-07-18 15:03:03.347036+01	121	1335	1	[{"added": {}}]	9	1
610	2026-07-18 15:03:09.914058+01	122	1338	1	[{"added": {}}]	9	1
611	2026-07-18 15:03:12.749482+01	431	William de Malton	1	[{"added": {}}]	7	1
612	2026-07-18 15:03:25.316027+01	123	1408	1	[{"added": {}}]	9	1
613	2026-07-18 15:03:29.443963+01	124	1438	1	[{"added": {}}]	9	1
614	2026-07-18 15:03:31.798956+01	432	Thomas Mapilton	1	[{"added": {}}]	7	1
615	2026-07-18 15:04:17.13246+01	125	1401	1	[{"added": {}}]	9	1
616	2026-07-18 15:04:28.494356+01	125	1409	2	[{"changed": {"fields": ["Date"]}}]	9	1
617	2026-07-18 15:04:35.095522+01	126	1450	1	[{"added": {}}]	9	1
618	2026-07-18 15:04:39.115951+01	433	John Massingham III, Senior	1	[{"added": {}}]	7	1
619	2026-07-18 15:04:55.608646+01	127	1524	1	[{"added": {}}]	9	1
620	2026-07-18 15:05:01.191317+01	128	1547	1	[{"added": {}}]	9	1
621	2026-07-18 15:05:09.79428+01	434	John Molton	1	[{"added": {}}]	7	1
622	2026-07-18 15:05:25.134063+01	129	1376	1	[{"added": {}}]	9	1
623	2026-07-18 15:05:33.041337+01	130	c. 1405	1	[{"added": {}}]	9	1
624	2026-07-18 15:05:37.452969+01	435	John Montfort	1	[{"added": {}}]	7	1
625	2026-07-18 15:05:52.018237+01	131	1514	1	[{"added": {}}]	9	1
626	2026-07-18 15:05:55.014934+01	132	1544	1	[{"added": {}}]	9	1
627	2026-07-18 15:05:58.006266+01	436	James Nedeham	1	[{"added": {}}]	7	1
628	2026-07-18 15:06:12.395947+01	133	1468	1	[{"added": {}}]	9	1
629	2026-07-18 15:06:16.110417+01	134	1504	1	[{"added": {}}]	9	1
630	2026-07-18 15:06:17.506534+01	437	William Orchard	1	[{"added": {}}]	7	1
631	2026-07-18 15:06:35.529049+01	135	c. 1262	1	[{"added": {}}]	9	1
632	2026-07-18 15:06:44.215926+01	136	c. 1280	1	[{"added": {}}]	9	1
633	2026-07-18 15:06:46.045247+01	438	Simon de Pabenham I	1	[{"added": {}}]	7	1
634	2026-07-18 15:07:01.687884+01	137	1352	1	[{"added": {}}]	9	1
635	2026-07-18 15:07:05.045228+01	138	1385	1	[{"added": {}}]	9	1
636	2026-07-18 15:07:07.452697+01	439	Robert Patrington I	1	[{"added": {}}]	7	1
637	2026-07-18 15:07:18.659177+01	139	1440	1	[{"added": {}}]	9	1
638	2026-07-18 15:07:24.292731+01	440	Richard Pope	1	[{"added": {}}]	7	1
639	2026-07-18 15:07:35.884499+01	140	1394	1	[{"added": {}}]	9	1
640	2026-07-18 15:07:42.113574+01	141	c. 1406	1	[{"added": {}}]	9	1
641	2026-07-18 15:07:44.227228+01	441	Nicholas Portland	1	[{"added": {}}]	7	1
642	2026-07-18 15:07:58.987805+01	142	1459	1	[{"added": {}}]	9	1
643	2026-07-18 15:08:03.729929+01	143	1487	1	[{"added": {}}]	9	1
644	2026-07-18 15:08:05.613578+01	442	Martin Prentice	1	[{"added": {}}]	7	1
645	2026-07-18 15:08:15.94806+01	144	1317	1	[{"added": {}}]	9	1
646	2026-07-18 15:08:21.26455+01	145	c. 1339	1	[{"added": {}}]	9	1
647	2026-07-18 15:08:24.277721+01	443	Ivo de Raghton	1	[{"added": {}}]	7	1
648	2026-07-18 15:08:47.565641+01	146	1304	1	[{"added": {}}]	9	1
649	2026-07-18 15:08:52.586085+01	147	1339	1	[{"added": {}}]	9	1
650	2026-07-18 15:09:01.41917+01	444	John de Ramsey I	1	[{"added": {}}]	7	1
651	2026-07-18 15:09:17.870144+01	148	1323	1	[{"added": {}}]	9	1
652	2026-07-18 15:09:21.581266+01	149	1349	1	[{"added": {}}]	9	1
653	2026-07-18 15:09:24.407897+01	445	William de Ramsey III	1	[{"added": {}}]	7	1
654	2026-07-18 15:09:39.725366+01	150	1495	1	[{"added": {}}]	9	1
655	2026-07-18 15:09:47.986628+01	151	1528	1	[{"added": {}}]	9	1
656	2026-07-18 15:09:50.266041+01	446	Henry Redman	1	[{"added": {}}]	7	1
657	2026-07-18 15:10:06.990895+01	152	1243	1	[{"added": {}}]	9	1
658	2026-07-18 15:10:13.356232+01	153	c. 1253	1	[{"added": {}}]	9	1
659	2026-07-18 15:10:15.194168+01	447	Henry de Reyns	1	[{"added": {}}]	7	1
660	2026-07-18 15:10:32.078421+01	154	1180	1	[{"added": {}}]	9	1
661	2026-07-18 15:10:39.614347+01	154	c. 1180	2	[{"changed": {"fields": ["Qualifier"]}}]	9	1
662	2026-07-18 15:10:55.520286+01	155	1226	1	[{"added": {}}]	9	1
663	2026-07-18 15:11:00.753093+01	448	Ricardo of Burgos	1	[{"added": {}}]	7	1
664	2026-07-18 15:11:19.63757+01	156	c. 1077	1	[{"added": {}}]	9	1
665	2026-07-18 15:11:27.263549+01	157	1119	1	[{"added": {}}]	9	1
666	2026-07-18 15:11:28.971397+01	449	Robert the Mason I	1	[{"added": {}}]	7	1
667	2026-07-18 15:11:54.298817+01	158	1296	1	[{"added": {}}]	9	1
668	2026-07-18 15:11:58.799407+01	159	1310	1	[{"added": {}}]	9	1
669	2026-07-18 15:12:01.300426+01	450	Roger the Mason II	1	[{"added": {}}]	7	1
670	2026-07-18 15:12:15.521322+01	160	1533	1	[{"added": {}}]	9	1
671	2026-07-18 15:12:19.654134+01	161	1558	1	[{"added": {}}]	9	1
672	2026-07-18 15:12:21.231037+01	451	John Rogers II	1	[{"added": {}}]	7	1
673	2026-07-18 15:12:41.210012+01	162	1515	1	[{"added": {}}]	9	1
674	2026-07-18 15:12:48.008843+01	163	1566	1	[{"added": {}}]	9	1
675	2026-07-18 15:12:49.706189+01	452	John Russell Junior	1	[{"added": {}}]	7	1
676	2026-07-18 15:13:05.267648+01	164	1490	1	[{"added": {}}]	9	1
677	2026-07-18 15:13:10.295058+01	165	1517	1	[{"added": {}}]	9	1
678	2026-07-18 15:13:13.276943+01	453	Richard Russell	1	[{"added": {}}]	7	1
679	2026-07-18 15:13:28.295298+01	166	1261	1	[{"added": {}}]	9	1
680	2026-07-18 15:13:35.0567+01	167	c. 1309	1	[{"added": {}}]	9	1
681	2026-07-18 15:13:36.663867+01	454	James of St. George	1	[{"added": {}}]	7	1
682	2026-07-18 15:13:50.108078+01	168	1505	1	[{"added": {}}]	9	1
683	2026-07-18 15:13:57.241454+01	169	1521	1	[{"added": {}}]	9	1
684	2026-07-18 15:13:59.19811+01	455	Christopher Scune	1	[{"added": {}}]	7	1
685	2026-07-18 15:14:14.941901+01	170	1174	1	[{"added": {}}]	9	1
686	2026-07-18 15:14:19.012363+01	171	1180	1	[{"added": {}}]	9	1
687	2026-07-18 15:14:20.470814+01	456	William of Sens	1	[{"added": {}}]	7	1
688	2026-07-18 15:14:37.381251+01	172	1301	1	[{"added": {}}]	9	1
689	2026-07-18 15:14:41.369192+01	173	1322	1	[{"added": {}}]	9	1
690	2026-07-18 15:14:42.842889+01	457	Simon the Mason I	1	[{"added": {}}]	7	1
691	2026-07-18 15:14:55.717053+01	174	1391	1	[{"added": {}}]	9	1
692	2026-07-18 15:15:00.786023+01	175	1400	1	[{"added": {}}]	9	1
693	2026-07-18 15:15:02.758266+01	458	Robert Skyllington	1	[{"added": {}}]	7	1
694	2026-07-18 15:15:18.547556+01	176	1492	1	[{"added": {}}]	9	1
695	2026-07-18 15:15:28.188095+01	176	1429	2	[{"changed": {"fields": ["Date"]}}]	9	1
696	2026-07-18 15:15:35.164731+01	177	c. 1460	1	[{"added": {}}]	9	1
697	2026-07-18 15:15:38.290587+01	459	John Smyth I	1	[{"added": {}}]	7	1
698	2026-07-18 15:15:50.75564+01	178	c. 1465	1	[{"added": {}}]	9	1
699	2026-07-18 15:15:57.723645+01	179	c. 1460	1	[{"added": {}}]	9	1
700	2026-07-18 15:16:00.250393+01	460	William Smyth	1	[{"added": {}}]	7	1
701	2026-07-18 15:16:28.812273+01	179	1490	2	[{"changed": {"fields": ["Date", "Qualifier"]}}]	9	1
702	2026-07-18 15:16:30.74462+01	460	William Smyth	2	[]	7	1
703	2026-07-18 15:17:18.046167+01	180	1343	1	[{"added": {}}]	9	1
704	2026-07-18 15:17:21.657593+01	181	1531	1	[{"added": {}}]	9	1
705	2026-07-18 15:17:23.849917+01	461	Henry de Snelleston	1	[{"added": {}}]	7	1
706	2026-07-18 15:17:35.640955+01	182	1350	1	[{"added": {}}]	9	1
707	2026-07-18 15:17:47.074254+01	183	c. 1386	1	[{"added": {}}]	9	1
708	2026-07-18 15:17:49.731384+01	462	John de Sponlee	1	[{"added": {}}]	7	1
709	2026-07-18 15:18:06.353055+01	184	c. 1270	1	[{"added": {}}]	9	1
710	2026-07-18 15:18:13.151972+01	185	1307	1	[{"added": {}}]	9	1
711	2026-07-18 15:18:15.911257+01	463	Richard de Stow II	1	[{"added": {}}]	7	1
712	2026-07-18 15:18:35.051287+01	186	1452	1	[{"added": {}}]	9	1
713	2026-07-18 15:18:43.713371+01	187	1505	1	[{"added": {}}]	9	1
714	2026-07-18 15:18:49.274095+01	464	Robert Stowell	1	[{"added": {}}]	7	1
715	2026-07-18 15:19:05.496513+01	188	1420	1	[{"added": {}}]	9	1
716	2026-07-18 15:19:13.309341+01	189	1452	1	[{"added": {}}]	9	1
717	2026-07-18 15:19:23.113503+01	465	John Thirsk	1	[{"added": {}}]	7	1
718	2026-07-18 15:19:44.771271+01	190	c. 1255	1	[{"added": {}}]	9	1
719	2026-07-18 15:19:55.618504+01	191	c. 1291	1	[{"added": {}}]	9	1
720	2026-07-18 15:19:57.347839+01	466	Simon de Tresk	1	[{"added": {}}]	7	1
721	2026-07-18 15:20:17.253921+01	192	1475	1	[{"added": {}}]	9	1
722	2026-07-18 15:20:20.929547+01	193	1506	1	[{"added": {}}]	9	1
723	2026-07-18 15:20:23.608759+01	467	Robert Vertue Junior	1	[{"added": {}}]	7	1
724	2026-07-18 15:20:44.40408+01	194	1506	1	[{"added": {}}]	9	1
725	2026-07-18 15:20:47.820261+01	195	1555	1	[{"added": {}}]	9	1
726	2026-07-18 15:20:49.633858+01	468	Robert Vertue	1	[{"added": {}}]	7	1
727	2026-07-18 15:21:05.251172+01	196	1501	1	[{"added": {}}]	9	1
728	2026-07-18 15:21:09.898806+01	197	1527	1	[{"added": {}}]	9	1
729	2026-07-18 15:21:11.365119+01	469	William Vertue	1	[{"added": {}}]	7	1
730	2026-07-18 15:21:28.598354+01	198	1366	1	[{"added": {}}]	9	1
731	2026-07-18 15:21:35.234074+01	199	1403	1	[{"added": {}}]	9	1
732	2026-07-18 15:21:40.313857+01	470	Walter Waleys	1	[{"added": {}}]	7	1
733	2026-07-18 15:21:56.267096+01	200	1383	1	[{"added": {}}]	9	1
734	2026-07-18 15:22:01.213521+01	201	1418	1	[{"added": {}}]	9	1
735	2026-07-18 15:22:03.274219+01	471	Walter Walton	1	[{"added": {}}]	7	1
736	2026-07-18 15:22:23.742422+01	202	1485	1	[{"added": {}}]	9	1
737	2026-07-18 15:22:27.427868+01	203	1515	1	[{"added": {}}]	9	1
738	2026-07-18 15:22:29.481108+01	472	John Wastell	1	[{"added": {}}]	7	1
739	2026-07-18 15:22:44.719382+01	204	1308	1	[{"added": {}}]	9	1
740	2026-07-18 15:22:47.5036+01	473	John de Weldon	1	[{"added": {}}]	7	1
741	2026-07-18 15:23:00.430347+01	205	1421	1	[{"added": {}}]	9	1
742	2026-07-18 15:23:06.046553+01	206	1461	1	[{"added": {}}]	9	1
743	2026-07-18 15:23:08.744397+01	474	Robert Westerley	1	[{"added": {}}]	7	1
744	2026-07-18 15:23:21.043088+01	207	1398	1	[{"added": {}}]	9	1
745	2026-07-18 15:23:25.956836+01	208	1440	1	[{"added": {}}]	9	1
746	2026-07-18 15:23:28.353014+01	475	Richard Winchcombe	1	[{"added": {}}]	7	1
747	2026-07-18 15:23:43.359277+01	209	1292	1	[{"added": {}}]	9	1
748	2026-07-18 15:23:47.670419+01	210	1342	1	[{"added": {}}]	9	1
749	2026-07-18 15:23:49.341878+01	476	Thomas of Witney	1	[{"added": {}}]	7	1
750	2026-07-18 15:24:03.287096+01	211	1351	1	[{"added": {}}]	9	1
751	2026-07-18 15:24:06.461585+01	212	1401	1	[{"added": {}}]	9	1
752	2026-07-18 15:24:09.235107+01	477	Robert de Wodehirst	1	[{"added": {}}]	7	1
753	2026-07-18 15:24:27.993095+01	213	1415	1	[{"added": {}}]	9	1
754	2026-07-18 15:24:31.111631+01	214	1451	1	[{"added": {}}]	9	1
755	2026-07-18 15:24:38.902031+01	478	James Woderofe	1	[{"added": {}}]	7	1
756	2026-07-18 15:25:18.978851+01	215	1170	1	[{"added": {}}]	9	1
757	2026-07-18 15:25:25.936262+01	216	c. 1182	1	[{"added": {}}]	9	1
758	2026-07-18 15:25:33.697375+01	479	Richard de Wolveston	1	[{"added": {}}]	7	1
759	2026-07-18 15:25:43.863759+01	217	1397	1	[{"added": {}}]	9	1
760	2026-07-18 15:25:48.665341+01	218	1428	1	[{"added": {}}]	9	1
761	2026-07-18 15:25:49.981461+01	480	Thomas Wolvey	1	[{"added": {}}]	7	1
762	2026-07-18 15:26:01.914112+01	219	1360	1	[{"added": {}}]	9	1
763	2026-07-18 15:26:08.948651+01	220	140	1	[{"added": {}}]	9	1
764	2026-07-18 15:26:16.943044+01	220	1400	2	[{"changed": {"fields": ["Date"]}}]	9	1
765	2026-07-18 15:26:22.295728+01	220	1400	2	[]	9	1
766	2026-07-18 15:26:26.284716+01	220	1405	2	[{"changed": {"fields": ["Date"]}}]	9	1
767	2026-07-18 15:26:29.119319+01	481	William de Wynford	1	[{"added": {}}]	7	1
768	2026-07-18 15:26:40.6585+01	221	1290	1	[{"added": {}}]	9	1
769	2026-07-18 15:26:44.845729+01	222	1310	1	[{"added": {}}]	9	1
770	2026-07-18 15:26:47.742482+01	482	Richard of Wytham	1	[{"added": {}}]	7	1
771	2026-07-18 15:26:58.612356+01	223	1353	1	[{"added": {}}]	9	1
772	2026-07-18 15:27:02.02734+01	224	1400	1	[{"added": {}}]	9	1
773	2026-07-18 15:27:03.819695+01	483	Henry Yeveley	1	[{"added": {}}]	7	1
774	2026-07-18 18:39:31.31558+01	6	Dunfermline Abbey	1	[{"added": {}}]	8	1
775	2026-07-18 18:39:51.379299+01	42	Alwin the Mason	2	[{"changed": {"fields": ["buildings"]}}]	7	1
776	2026-07-18 18:42:41.155294+01	7	Lincoln Cathedral	1	[{"added": {}}]	8	1
777	2026-07-18 18:42:54.57537+01	7	Lincoln Cathedral	2	[]	8	1
778	2026-07-18 18:43:32.991201+01	7	Lincoln Cathedral	2	[{"changed": {"fields": ["People"]}}]	8	1
779	2026-07-18 18:43:39.18175+01	34	Alexander the Mason III	2	[{"changed": {"fields": ["buildings"]}}]	7	1
780	2026-07-18 18:44:11.663371+01	34	Alexander the Mason III	2	[{"changed": {"fields": ["buildings"]}}]	7	1
781	2026-07-18 18:50:45.444882+01	7	Lincoln Cathedral	2	[{"changed": {"fields": ["People"]}}]	8	1
782	2026-07-18 18:50:54.655192+01	34	Alexander the Mason III	2	[{"changed": {"fields": ["buildings"]}}]	7	1
783	2026-07-18 18:52:57.599787+01	7	Lincoln Cathedral	2	[]	8	1
784	2026-07-18 18:53:14.482108+01	8	St Wulfram's Church	1	[{"added": {}}]	8	1
785	2026-07-18 18:53:46.555227+01	9	St Mary Magdalene's Church	1	[{"added": {}}]	8	1
786	2026-07-18 18:53:58.422617+01	34	Alexander the Mason III	2	[{"changed": {"fields": ["buildings"]}}]	7	1
787	2026-07-18 18:55:02.109885+01	34	Alexander the Mason III	2	[]	7	1
788	2026-07-18 18:55:09.416744+01	34	Alexander the Mason III	2	[]	7	1
789	2026-07-18 23:46:59.045334+01	9	St Mary Magdalene's Church	2	[{"added": {"name": "Geographic Reference", "object": "GeoRef object (1)"}}]	8	1
790	2026-07-19 00:46:25.228119+01	8	St Wulfram's Church	2	[{"added": {"name": "Geographic Reference", "object": "GeoRef object (2)"}}]	8	1
791	2026-07-19 00:47:00.278469+01	7	Lincoln Cathedral	2	[{"added": {"name": "Geographic Reference", "object": "GeoRef object (3)"}}]	8	1
792	2026-07-19 00:51:52.254854+01	6	Dunfermline Abbey	2	[{"added": {"name": "Geographic Reference", "object": "GeoRef object (4)"}}]	8	1
793	2026-07-19 00:55:04.657473+01	5	Eleanor Cross	2	[{"added": {"name": "Geographic Reference", "object": "GeoRef object (5)"}}]	8	1
794	2026-07-19 00:57:46.414969+01	4	Eleanor Cross	2	[{"added": {"name": "Geographic Reference", "object": "GeoRef object (6)"}}]	8	1
795	2026-07-19 00:58:15.189867+01	3	Trinity Hall	2	[{"added": {"name": "Geographic Reference", "object": "GeoRef object (7)"}}]	8	1
796	2026-07-19 00:58:51.591149+01	2	Westminster Palace	2	[{"added": {"name": "Geographic Reference", "object": "GeoRef object (8)"}}]	8	1
797	2026-07-19 00:59:18.370878+01	1	Windsor Castle	2	[{"added": {"name": "Geographic Reference", "object": "GeoRef object (9)"}}]	8	1
798	2026-07-19 01:00:01.070491+01	2	Palace of Westminster	2	[{"changed": {"fields": ["Name"]}}]	8	1
799	2026-07-19 16:48:27.946716+01	9	St Mary Magdalene's Church	2	[{"changed": {"fields": ["Building type"]}}]	8	1
800	2026-07-19 16:48:34.752535+01	8	St Wulfram's Church	2	[{"changed": {"fields": ["Building type"]}}]	8	1
801	2026-07-19 16:48:39.76838+01	7	Lincoln Cathedral	2	[{"changed": {"fields": ["Building type"]}}]	8	1
802	2026-07-19 16:48:45.990472+01	6	Dunfermline Abbey	2	[{"changed": {"fields": ["Building type"]}}]	8	1
\.


--
-- Data for Name: django_content_type; Type: TABLE DATA; Schema: public; Owner: postgres
--

COPY public.django_content_type (id, app_label, model) FROM stdin;
1	admin	logentry
2	auth	group
3	auth	permission
4	auth	user
5	contenttypes	contenttype
6	sessions	session
7	people	person
8	buildings	building
9	chronology	uncertaindate
10	buildings	georef
11	buildings	buildingtype
\.


--
-- Data for Name: django_migrations; Type: TABLE DATA; Schema: public; Owner: postgres
--

COPY public.django_migrations (id, app, name, applied) FROM stdin;
1	contenttypes	0001_initial	2026-05-14 21:12:39.373982+01
2	auth	0001_initial	2026-05-14 21:12:39.428183+01
3	admin	0001_initial	2026-05-14 21:12:39.443484+01
4	admin	0002_logentry_remove_auto_add	2026-05-14 21:12:39.4497+01
5	admin	0003_logentry_add_action_flag_choices	2026-05-14 21:12:39.45446+01
6	contenttypes	0002_remove_content_type_name	2026-05-14 21:12:39.466457+01
7	auth	0002_alter_permission_name_max_length	2026-05-14 21:12:39.475142+01
8	auth	0003_alter_user_email_max_length	2026-05-14 21:12:39.48064+01
9	auth	0004_alter_user_username_opts	2026-05-14 21:12:39.48577+01
10	auth	0005_alter_user_last_login_null	2026-05-14 21:12:39.491111+01
11	auth	0006_require_contenttypes_0002	2026-05-14 21:12:39.49197+01
12	auth	0007_alter_validators_add_error_messages	2026-05-14 21:12:39.497161+01
13	auth	0008_alter_user_username_max_length	2026-05-14 21:12:39.505855+01
14	auth	0009_alter_user_last_name_max_length	2026-05-14 21:12:39.511416+01
15	auth	0010_alter_group_name_max_length	2026-05-14 21:12:39.517695+01
16	auth	0011_update_proxy_permissions	2026-05-14 21:12:39.522573+01
17	auth	0012_alter_user_first_name_max_length	2026-05-14 21:12:39.528293+01
18	sessions	0001_initial	2026-05-14 21:12:39.536511+01
19	people	0001_initial	2026-05-14 21:36:37.596535+01
20	people	0002_rename_name_person_surname	2026-05-14 22:51:12.250638+01
21	people	0003_person_given_name_person_label_person_preposition_and_more	2026-05-14 22:51:12.297581+01
22	people	0004_alter_person_options_person_created_at	2026-05-14 23:15:37.990722+01
24	people	0005_person_role	2026-06-10 01:43:52.049149+01
25	buildings	0002_building_created_at	2026-06-10 02:25:25.834461+01
26	buildings	0003_building_county	2026-06-10 23:47:00.29366+01
27	chronology	0001_initial	2026-06-11 19:25:39.882052+01
28	people	0006_person_birth_person_death_person_floruit_and_more	2026-06-11 19:25:39.906608+01
29	chronology	0002_alter_uncertaindate_options_and_more	2026-06-11 19:37:57.315363+01
30	people	0007_remove_person_birth_remove_person_floruit_and_more	2026-07-17 23:55:14.300441+01
31	chronology	0003_rename_end_day_uncertaindate_year_and_more	2026-07-18 00:09:54.520592+01
32	chronology	0004_alter_uncertaindate_qualifier	2026-07-18 13:23:33.771979+01
33	people	0008_alter_person_death_alter_person_floruit_end_and_more	2026-07-18 13:31:33.525724+01
34	buildings	0004_georef	2026-07-18 23:43:42.147462+01
35	buildings	0005_alter_georef_options	2026-07-18 23:46:20.611856+01
36	buildings	0006_buildingtype	2026-07-19 16:32:52.102038+01
37	buildings	0007_building_building_type	2026-07-19 16:39:09.195173+01
38	buildings	0008_load_building_types	2026-07-19 16:47:55.144995+01
39	buildings	0009_merge_20260719_1647	2026-07-19 16:47:55.14692+01
40	buildings	0010_alter_buildingtype_subtype	2026-07-19 16:50:59.531751+01
41	buildings	0001_initial	2026-07-19 17:21:28.620769+01
\.


--
-- Data for Name: django_session; Type: TABLE DATA; Schema: public; Owner: postgres
--

COPY public.django_session (session_key, session_data, expire_date) FROM stdin;
6zaml48e0588bw9warr5ea3e8j2btvzm	.eJxVjEEOwiAQRe_C2hAYYUpduu8ZyDBDpWpoUtqV8e7apAvd_vfef6lI21ri1vISJ1EXZdXpd0vEj1x3IHeqt1nzXNdlSnpX9EGbHmbJz-vh_h0UauVb9wAdOuk5QCAiizkhsHXZMVDwGc4kI_pkxIyGSXwgZBAMbENngNX7A-V9OCE:1wNcsj:bQez-cqZ0Q3lqzTdyIRjjH3uZDZfdevwyCzdQY970FI	2026-05-28 21:42:09.269592+01
2j2q8ipbulrjlems38osfw650pbezi68	.eJxVjEEOwiAQRe_C2hAYYUpduu8ZyDBDpWpoUtqV8e7apAvd_vfef6lI21ri1vISJ1EXZdXpd0vEj1x3IHeqt1nzXNdlSnpX9EGbHmbJz-vh_h0UauVb9wAdOuk5QCAiizkhsHXZMVDwGc4kI_pkxIyGSXwgZBAMbENngNX7A-V9OCE:1wX6XP:UHBu-FH0-l6j1yB6YiRES73Dz5s2Ol67EMo64FFcf4I	2026-06-24 01:11:19.175583+01
9rti173tzff7jlp2ueq6aox11lh0ryg3	.eJxVjEEOwiAQRe_C2hAYYUpduu8ZyDBDpWpoUtqV8e7apAvd_vfef6lI21ri1vISJ1EXZdXpd0vEj1x3IHeqt1nzXNdlSnpX9EGbHmbJz-vh_h0UauVb9wAdOuk5QCAiizkhsHXZMVDwGc4kI_pkxIyGSXwgZBAMbENngNX7A-V9OCE:1whYj4:a-FzsFTnyq02DCXVHdmEVrpWM4NVlCx0ol7jdmfM-mc	2026-07-22 21:18:34.36493+01
xe0df6idbdl6a7fg87gcfj8yo5jqcqvm	.eJxVjEEOwiAQRe_C2hAYYUpduu8ZyDBDpWpoUtqV8e7apAvd_vfef6lI21ri1vISJ1EXZdXpd0vEj1x3IHeqt1nzXNdlSnpX9EGbHmbJz-vh_h0UauVb9wAdOuk5QCAiizkhsHXZMVDwGc4kI_pkxIyGSXwgZBAMbENngNX7A-V9OCE:1whYjv:0AZpnGc08NzwNdNJFTVcNJwjfWTyFoWNXezfxlN5-dE	2026-07-22 21:19:27.625036+01
\.


--
-- Data for Name: people_person; Type: TABLE DATA; Schema: public; Owner: postgres
--

COPY public.people_person (id, surname, given_name, label, preposition, sequence_label, created_at, role, death_id, floruit_end_id, floruit_start_id) FROM stdin;
3	Abingdon	John	\N	\N	\N	2026-05-14 23:15:37.970615+01	\N	\N	\N	\N
4	Abingdon	Nicholas	\N	\N	\N	2026-05-14 23:15:37.970615+01	\N	\N	\N	\N
5	Abingdon	Reginald	\N	de	\N	2026-05-14 23:15:37.970615+01	\N	\N	\N	\N
6	Abingdon	Richard	\N	de	\N	2026-05-14 23:15:37.970615+01	\N	\N	\N	\N
7	Acklam	Gilbert	\N	de	\N	2026-05-14 23:15:37.970615+01	\N	\N	\N	\N
8	Acle	Richard	\N	de	\N	2026-05-14 23:15:37.970615+01	\N	\N	\N	\N
9	\N	Adam	the Carver	\N	\N	2026-05-14 23:15:37.970615+01	\N	\N	\N	\N
10	\N	Adam	the Joiner	\N	\N	2026-05-14 23:15:37.970615+01	\N	\N	\N	\N
11	\N	Adam	the Mason	\N	I	2026-05-14 23:15:37.970615+01	\N	\N	\N	\N
12	\N	Adam	the Mason	\N	IA	2026-05-14 23:15:37.970615+01	\N	\N	\N	\N
13	\N	Adam	the Mason	\N	II	2026-05-14 23:15:37.970615+01	\N	\N	\N	\N
14	Adam	Richard	\N	\N	\N	2026-05-14 23:15:37.970615+01	\N	\N	\N	\N
15	Addescomp	William	\N	\N	\N	2026-05-14 23:15:37.970615+01	\N	\N	\N	\N
16	\N	Aelfric	the Mason	\N	\N	2026-05-14 23:15:37.970615+01	\N	\N	\N	\N
17	\N	Aelric	the Mason	\N	\N	2026-05-14 23:15:37.970615+01	\N	\N	\N	\N
18	\N	Ailnoth	the Engineer	\N	\N	2026-05-14 23:15:37.970615+01	\N	\N	\N	\N
19	\N	Ailric	the Carpenter	\N	\N	2026-05-14 23:15:37.970615+01	\N	\N	\N	\N
20	Ailyngton	Nicholas	\N	de	\N	2026-05-14 23:15:37.970615+01	\N	\N	\N	\N
21	\N	Alan	the Carpenter	\N	\N	2026-05-14 23:15:37.970615+01	\N	\N	\N	\N
22	Albemunt	Hugh	\N	de	\N	2026-05-14 23:15:37.970615+01	\N	\N	\N	\N
23	\N	Alberic	the Mason	\N	\N	2026-05-14 23:15:37.970615+01	\N	\N	\N	\N
24	Albon	Richard	\N	\N	\N	2026-05-14 23:15:37.970615+01	\N	\N	\N	\N
25	Albon	William	\N	\N	\N	2026-05-14 23:15:37.970615+01	\N	\N	\N	\N
26	Aldrych	Thomas	\N	\N	\N	2026-05-14 23:15:37.970615+01	\N	\N	\N	\N
27	Aldwyck	Robert	\N	\N	\N	2026-05-14 23:15:37.970615+01	\N	\N	\N	\N
28	Alderidge	William	\N	\N	\N	2026-05-14 23:15:37.970615+01	\N	\N	\N	\N
29	\N	Alen	\N	\N	\N	2026-05-14 23:15:37.970615+01	\N	\N	\N	\N
30	\N	Alexander	\N	\N	\N	2026-05-14 23:15:37.970615+01	\N	\N	\N	\N
31	\N	Alexander	the Carpenter	\N	\N	2026-05-14 23:15:37.970615+01	\N	\N	\N	\N
32	\N	Alexander	the Mason	\N	I	2026-05-14 23:15:37.970615+01	\N	\N	\N	\N
33	\N	Alexander	the Mason	\N	II	2026-05-14 23:15:37.970615+01	\N	\N	\N	\N
35	\N	Alexander	the Mason	\N	IV	2026-05-14 23:15:37.970615+01	\N	\N	\N	\N
36	Aleyn	David	\N	\N	\N	2026-05-14 23:15:37.970615+01	\N	\N	\N	\N
37	Aleyn	Richard	\N	\N	\N	2026-05-14 23:15:37.970615+01	\N	\N	\N	\N
38	Aleyn	William	\N	\N	\N	2026-05-14 23:15:37.970615+01	\N	\N	\N	\N
39	Allen	John	\N	\N	\N	2026-05-14 23:15:37.970615+01	\N	\N	\N	\N
40	Alsebroke	Henry	\N	\N	\N	2026-05-14 23:15:37.970615+01	\N	\N	\N	\N
41	Alverton	John	\N	de	\N	2026-05-14 23:15:37.970615+01	\N	\N	\N	\N
43	Ambrose	Richard	\N	\N	\N	2026-05-14 23:17:05.602768+01	\N	\N	\N	\N
44	Ampilforde	Thomas	\N	\N	\N	2026-05-14 23:17:14.038195+01	\N	\N	\N	\N
45	Andewe	Nicholas	\N	\N	\N	2026-05-14 23:17:25.11113+01	\N	\N	\N	\N
46	\N	Andrew	the Mason	\N	\N	2026-05-14 23:17:38.559501+01	\N	\N	\N	\N
47	Andrewe	John	\N	\N	\N	2026-05-14 23:17:45.66564+01	\N	\N	\N	\N
48	Andrewe	Nicholas	\N	\N	\N	2026-05-14 23:17:50.638251+01	\N	\N	\N	\N
49	Andrews	Nicholas	\N	\N	\N	2026-05-14 23:17:55.909577+01	\N	\N	\N	\N
50	Antell	John	\N	\N	\N	2026-05-14 23:18:02.669082+01	\N	\N	\N	\N
51	Araz	Baldwin	\N	de	\N	2026-05-14 23:18:11.263957+01	\N	\N	\N	\N
52	Arche	William	\N	\N	\N	2026-05-14 23:18:18.566508+01	\N	\N	\N	\N
53	Arches	Richard	\N	de	\N	2026-05-14 23:18:24.756529+01	\N	\N	\N	\N
54	\N	Arnold	\N	\N	\N	2026-05-14 23:18:29.956558+01	\N	\N	\N	\N
55	\N	Arthur	the Mason	\N	\N	2026-05-14 23:18:39.422365+01	\N	\N	\N	\N
56	Askham	John	\N	\N	\N	2026-05-14 23:18:47.761955+01	\N	\N	\N	\N
57	Asser	John	\N	\N	Senior	2026-05-14 23:19:14.040235+01	\N	\N	\N	\N
58	Asser	John	\N	\N	Junior	2026-05-14 23:19:25.200487+01	\N	\N	\N	\N
59	Atkins	John	\N	\N	\N	2026-05-14 23:19:32.811355+01	\N	\N	\N	\N
60	Attleborough	John	\N	\N	\N	2026-05-14 23:19:42.016865+01	\N	\N	\N	\N
61	Atwood	William	\N	\N	\N	2026-05-14 23:19:48.257492+01	\N	\N	\N	\N
62	Aundely	Nicholas	\N	de	\N	2026-05-14 23:19:57.217222+01	\N	\N	\N	\N
63	Austyn	William	\N	\N	\N	2026-05-14 23:20:06.359767+01	\N	\N	\N	\N
64	Aylmer	John	\N	\N	\N	2026-05-14 23:20:11.281267+01	\N	\N	\N	\N
65	Aylmer	Thomas	\N	\N	\N	2026-05-14 23:20:16.620892+01	\N	\N	\N	\N
66	Aynho	Nicholas	\N	de	\N	2026-05-14 23:20:23.785253+01	\N	\N	\N	\N
34	\N	Alexander	the Mason	\N	III	2026-05-14 23:15:37.970615+01	mason	\N	6	5
1	Abbotsbury	William	\N	\N	\N	2026-05-14 23:15:37.970615+01	\N	\N	\N	\N
2	Abingdon	Alexander	\N	de	\N	2026-05-14 23:15:37.970615+01	\N	\N	\N	\N
67	Bacon	William	\N	\N	\N	2026-06-10 01:19:57.99619+01	carpenter	\N	\N	\N
68	Bagby	Robert	\N	de	\N	2026-06-10 01:47:35.553496+01	carpenter	\N	\N	\N
69	Bager	William	\N	\N	\N	2026-06-10 01:47:47.379597+01	carpenter	\N	\N	\N
70	Bagworth	Peter	\N	de	\N	2026-06-10 01:47:59.594054+01	mason	\N	\N	\N
71	Baker	John	\N	\N	\N	2026-06-10 01:48:26.196828+01	mason	\N	\N	\N
72	Baker	Richard	\N	\N	\N	2026-06-10 01:48:35.258227+01	carpenter	\N	\N	\N
73	Bale	William	\N	\N	\N	2026-06-10 01:48:43.643885+01	carver	\N	\N	\N
74	Balfront	Henry	\N	\N	\N	2026-06-10 01:48:57.985297+01	carpenter	\N	\N	\N
75	Ball	Robert	\N	\N	I	2026-06-10 01:49:07.948533+01	mason	\N	\N	\N
76	Ball	Robert	\N	\N	II	2026-06-10 01:49:16.298647+01	mason	\N	\N	\N
77	Balwe	John	\N	\N	\N	2026-06-10 01:49:25.052575+01	carpenter	\N	\N	\N
78	Banbury	John	\N	\N	\N	2026-06-10 01:49:35.427996+01	mason	\N	\N	\N
79	Banston	William	\N	\N	\N	2026-06-10 01:49:45.460275+01	mason	\N	\N	\N
80	Banwell	\N	Master of	\N	\N	2026-06-10 01:50:29.142748+01	carver	\N	\N	\N
81	Barbour	John	\N	\N	\N	2026-06-10 01:50:38.366208+01	mason	\N	\N	\N
82	Barnack	John	\N	\N	\N	2026-06-10 01:50:53.862039+01	mason	\N	\N	\N
83	Barneby	Stephen	\N	de	\N	2026-06-10 01:51:08.997957+01	carpenter	\N	\N	\N
84	Barnet	Thomas	\N	\N	\N	2026-06-10 01:51:19.517534+01	mason	\N	\N	\N
85	Barowe	Thomas	\N	\N	\N	2026-06-10 01:51:39.749772+01	mason	\N	\N	\N
86	Barsham	Thomas	\N	\N	\N	2026-06-10 01:51:52.299372+01	carver	\N	\N	\N
87	Bartelot	John	\N	\N	\N	2026-06-10 01:52:01.151428+01	mason	\N	\N	\N
88	Bartholomew	\N	the Carpenter	\N	\N	2026-06-10 01:52:18.04094+01	carpenter	\N	\N	\N
89	Barton	John	I	\N	\N	2026-06-10 01:52:26.959078+01	mason	\N	\N	\N
90	Barton	John	\N	\N	II	2026-06-10 01:53:09.152313+01	mason	\N	\N	\N
91	Barton	Roger	\N	de	\N	2026-06-10 01:53:17.752545+01	mason	\N	\N	\N
92	Barton	Thomas	\N	\N	\N	2026-06-10 01:53:26.250383+01	mason	\N	\N	\N
93	Bataile	John	\N	de la	\N	2026-06-10 01:53:39.08929+01	mason	\N	\N	\N
94	Bate	Thomas	\N	\N	\N	2026-06-10 01:53:46.833377+01	mason	\N	\N	\N
95	Bateman	Colmet	\N	\N	\N	2026-06-10 01:53:56.126907+01	sculptor	\N	\N	\N
96	Bates	Robert	\N	\N	\N	2026-06-10 01:54:04.256827+01	carpenter	\N	\N	\N
97	Bates	Thomas	\N	\N	\N	2026-06-10 01:54:19.844216+01	mason	\N	\N	\N
98	Bath	Robert	\N	\N	\N	2026-06-10 01:54:32.835571+01	carpenter	\N	\N	\N
99	Bayard	William	\N	\N	\N	2026-06-10 01:54:39.307423+01	engineer	\N	\N	\N
100	Baynes	Robert	\N	\N	\N	2026-06-10 01:54:45.65024+01	mason	\N	\N	\N
101	Beare	Nicholas	\N	\N	\N	2026-06-10 01:54:54.650911+01	carpenter	\N	\N	\N
102	Beckeley	John	\N	\N	\N	2026-06-10 01:55:03.011189+01	mason	\N	\N	\N
103	Bedeford	Robert	\N	de	\N	2026-06-10 01:55:13.505147+01	carpenter	\N	\N	\N
104	Bek	John	\N	\N	\N	2026-06-10 01:55:23.648422+01	carpenter	\N	\N	\N
105	Beke	Richard	\N	\N	\N	2026-06-10 01:55:32.690284+01	mason	\N	\N	\N
106	Bekham	John	\N	\N	\N	2026-06-10 01:55:42.652071+01	mason	\N	\N	\N
107	Bekke	John	\N	\N	\N	2026-06-10 01:55:54.467622+01	mason	\N	\N	\N
108	Beldham	Robert	\N	\N	\N	2026-06-10 01:56:04.283784+01	carpenter	\N	\N	\N
109	Bele	Thomas	\N	\N	\N	2026-06-10 01:56:13.26226+01	mason	\N	\N	\N
110	Bell	John	\N	\N	Senior	2026-06-10 01:56:34.838497+01	mason	\N	\N	\N
112	Bell	John	\N	\N	III	2026-06-10 01:57:00.805952+01	mason	\N	\N	\N
113	Bell	Roger	\N	\N	\N	2026-06-10 01:57:12.310104+01	joiner	\N	\N	\N
114	Bell	William	\N	\N	\N	2026-06-10 01:57:18.910161+01	mason	\N	\N	\N
115	Bellamy	Robert	\N	\N	\N	2026-06-10 01:57:30.747174+01	carver	\N	\N	\N
116	Bellamy	Thomas	\N	\N	I	2026-06-10 01:57:40.117849+01	carpenter	\N	\N	\N
117	Bellamy	Thomas	\N	\N	II	2026-06-10 01:57:47.210323+01	carver	\N	\N	\N
111	Bell	John	\N	\N	Junior	2026-06-10 01:56:46.981906+01	mason	\N	8	7
42	\N	Alwin	the Mason	\N	\N	2026-05-14 23:15:37.970615+01	mason	\N	4	3
118	Bellamy	William	\N	\N	I	2026-06-10 01:57:57.334019+01	carver	\N	\N	\N
119	Bellamy	William	\N	\N	II	2026-06-10 01:58:06.054022+01	carver	\N	\N	\N
120	Benett	William	\N	\N	\N	2026-06-10 01:58:15.279604+01	carpenter	\N	\N	\N
121	Benson	\N	\N	\N	\N	2026-06-10 01:58:27.984073+01	mason	\N	\N	\N
122	Berewik	John	\N	\N	\N	2026-06-10 01:58:39.48127+01	carpenter	\N	\N	\N
123	Berkeley	William	\N	\N	\N	2026-06-10 01:58:47.265547+01	carver	\N	\N	\N
124	Berry	William	\N	\N	\N	2026-06-10 01:58:54.961304+01	carpenter	\N	\N	\N
125	Bertram	\N	\N	\N	the Engineer	2026-06-10 01:59:05.735784+01	engineer	\N	\N	\N
126	Berty	Robert	\N	\N	\N	2026-06-10 01:59:17.464682+01	mason	\N	\N	\N
129	Biltham	Ralph	\N	\N	\N	2026-06-10 02:00:21.052174+01	carpenter	\N	\N	\N
130	Binks	Thomas	\N	\N	\N	2026-06-10 02:00:29.01109+01	carpenter	\N	\N	\N
131	Birch	John	\N	\N	\N	2026-06-10 02:00:36.516825+01	carver	\N	\N	\N
132	Bird	John	\N	\N	I	2026-06-10 02:00:45.333643+01	carpenter	\N	\N	\N
133	Bird	John	\N	\N	II	2026-06-10 02:00:54.011074+01	carpenter	\N	\N	\N
134	Bird	John	\N	\N	\N	2026-06-10 02:01:00.258473+01	mason	\N	\N	\N
135	Bird	Richard	\N	\N	\N	2026-06-10 02:01:13.603436+01	carpenter	\N	\N	\N
136	Bird	Thomas	\N	\N	\N	2026-06-10 02:01:20.968808+01	carpenter	\N	\N	\N
137	Birlyngham	Simon	\N	\N	\N	2026-06-10 02:01:32.763137+01	carpenter	\N	\N	\N
138	Bischope	Richard	\N	\N	\N	2026-06-10 02:01:42.035017+01	carpenter	\N	\N	\N
139	Bishop	William	\N	\N	\N	2026-06-10 02:01:50.173113+01	carpenter	\N	\N	\N
140	Bisley	Richard	\N	de	\N	2026-06-10 02:02:03.644923+01	carpenter	\N	\N	\N
141	Blackshaw	William	\N	\N	\N	2026-06-10 02:02:16.206275+01	carver	\N	\N	\N
142	Blaketoft	Richard	\N	de	\N	2026-06-10 02:02:45.572235+01	carpenter	\N	\N	\N
143	Blaston	Robert	\N	de	\N	2026-06-10 02:02:53.424013+01	carpenter	\N	\N	\N
144	Blaston	Roger	\N	de	\N	2026-06-10 02:03:00.829719+01	mason	\N	\N	\N
145	Bleddyn	Gwilym ap Ieuan	\N	\N	\N	2026-06-10 02:03:19.85608+01	carpenter	\N	\N	\N
146	Blithere	\N	\N	\N	\N	2026-06-10 02:03:28.518543+01	mason	\N	\N	\N
147	Blockley	John	\N	de	\N	2026-06-10 02:03:38.183146+01	carpenter	\N	\N	\N
148	Blois	Robert	\N	de	\N	2026-06-10 02:03:46.60602+01	mason	\N	\N	\N
149	Blound	William	\N	le	\N	2026-06-10 02:03:58.815997+01	mason	\N	\N	\N
150	Blounham	John	\N	\N	\N	2026-06-10 02:04:14.367144+01	mason	\N	\N	\N
151	Blowe	Hugh	\N	\N	\N	2026-06-10 02:04:21.596828+01	mason	\N	\N	\N
152	Bochor	Richard	\N	\N	\N	2026-06-10 02:05:49.38835+01	\N	\N	\N	\N
153	Bodecote	William	\N	\N	\N	2026-06-10 02:05:58.723562+01	carpenter	\N	\N	\N
154	Bodekesham	William	\N	\N	\N	2026-06-10 02:06:11.480778+01	carpenter	\N	\N	\N
155	Bokinghale	Robert	\N	de	\N	2026-06-10 02:06:24.059249+01	carpenter	\N	\N	\N
156	Bokton	William	\N	de	\N	2026-06-10 02:06:35.283562+01	carpenter	\N	\N	\N
157	Bolaz	Thomas	\N	\N	\N	2026-06-10 02:06:47.884993+01	mason	\N	\N	\N
158	Bolrun	John	\N	\N	\N	2026-06-10 02:06:55.674857+01	carpenter	\N	\N	\N
159	Bolrun	Ralph	\N	\N	\N	2026-06-10 02:07:04.250847+01	mason	\N	\N	\N
160	Bolton	Edward	\N	\N	\N	2026-06-10 02:07:13.458979+01	carpenter	\N	\N	\N
161	Bolton	Hugh	\N	\N	\N	2026-06-10 02:07:23.323627+01	carpenter	\N	\N	\N
162	Bolton	John	\N	\N	\N	2026-06-10 02:07:31.440405+01	mason	\N	\N	\N
163	Bolton	Oliver	\N	\N	\N	2026-06-10 02:07:38.786657+01	carpenter	\N	\N	\N
164	Bolton	William	\N	\N	\N	2026-06-10 02:07:47.220711+01	carpenter	\N	\N	\N
165	Bonevile	William	\N	\N	\N	2026-06-10 02:07:57.70883+01	marbler	\N	\N	\N
166	Bonversall	Michael	\N	\N	\N	2026-06-10 02:08:08.325434+01	carver	\N	\N	\N
167	Boore	John	\N	\N	\N	2026-06-10 02:08:16.625912+01	carpenter	\N	\N	\N
168	Bornat	John	\N	\N	\N	2026-06-10 02:08:23.206273+01	mason	\N	\N	\N
169	Boston	John	\N	\N	\N	2026-06-10 02:08:30.465396+01	mason	\N	\N	\N
170	Boudon	Hugh	\N	de	\N	2026-06-10 02:08:36.935741+01	mason	\N	\N	\N
171	Boulton	John	\N	de	\N	2026-06-10 02:08:47.376094+01	mason	\N	\N	\N
172	Bourne	John	\N	de	\N	2026-06-10 02:08:56.541688+01	carpenter	\N	\N	\N
173	Bouryner	J.	\N	\N	\N	2026-06-10 02:09:09.223701+01	carpenter	\N	\N	\N
174	Bowde	John	\N	\N	\N	2026-06-10 02:09:15.98019+01	mason	\N	\N	\N
175	Bowden	John	\N	\N	\N	2026-06-10 02:09:39.608578+01	carpenter	\N	\N	\N
176	Bowman	Ralph	\N	\N	\N	2026-06-10 02:09:47.110698+01	mason	\N	\N	\N
178	Boydell	William	\N	\N	\N	2026-06-10 02:10:04.750906+01	carpenter	\N	\N	\N
179	Boyden	William	\N	\N	\N	2026-06-10 02:10:13.936241+01	mason	\N	\N	\N
180	Bradle	Richard	\N	\N	\N	2026-06-10 02:11:08.522945+01	mason	\N	\N	\N
182	Bramcote	William	\N	de	\N	2026-06-10 02:11:26.626565+01	mason	\N	\N	\N
183	Branche	John	\N	\N	\N	2026-06-10 02:11:32.97657+01	carpenter	\N	\N	\N
184	Brankastre	John	\N	\N	\N	2026-06-10 02:11:43.217414+01	mason	\N	\N	\N
185	Brasier	Hugh	\N	\N	\N	2026-06-10 02:11:51.609759+01	mason	\N	\N	\N
186	Bray	Henry	\N	de	\N	2026-06-10 02:12:16.315659+01	\N	\N	\N	\N
187	Bray	Reginald	\N	\N	\N	2026-06-10 02:12:34.075834+01	mason	\N	\N	\N
188	Bredon	John	\N	\N	I	2026-06-10 02:12:42.620085+01	mason	\N	\N	\N
189	Bredon	John	\N	\N	II	2026-06-10 02:12:56.627689+01	mason	\N	\N	\N
190	Bredone	John	\N	\N	\N	2026-06-10 02:13:05.100873+01	mason	\N	\N	\N
191	Brereton	John	\N	\N	\N	2026-06-10 02:13:14.867908+01	mason	\N	\N	\N
192	Breton	Adam	\N	\N	\N	2026-06-10 02:13:57.699985+01	mason	\N	\N	\N
193	Breton	John	\N	\N	\N	2026-06-10 02:14:05.471378+01	carpenter	\N	\N	\N
195	Brigges	Richard	\N	\N	\N	2026-06-10 02:14:23.813014+01	carpenter	\N	\N	\N
196	Briggs	Thomas	\N	\N	I	2026-06-10 02:14:33.601061+01	mason	\N	\N	\N
197	Briggs	Thomas	\N	\N	II	2026-06-10 02:14:47.566676+01	carpenter	\N	\N	\N
198	Bright	Richard	\N	\N	\N	2026-06-10 02:15:05.230678+01	carpenter	\N	\N	\N
199	Brikeman	Matthew	\N	\N	\N	2026-06-10 02:15:15.223922+01	bricklayer	\N	\N	\N
200	Bristol	\N	Carpenter of	\N	\N	2026-06-10 02:15:29.990954+01	carpenter	\N	\N	\N
201	Bromehall	Robert	\N	\N	\N	2026-06-10 02:15:42.661898+01	mason	\N	\N	\N
202	Brond	John	\N	\N	\N	2026-06-10 02:15:48.639021+01	mason	\N	\N	\N
203	Brook	Geoffrey	\N	\N	\N	2026-06-10 02:15:59.221561+01	carpenter	\N	\N	\N
204	Broun	John	\N	\N	\N	2026-06-10 02:16:07.687393+01	mason	\N	\N	\N
205	Brown	John	\N	\N	I	2026-06-10 02:16:14.602438+01	mason	\N	\N	\N
206	Brown	John	\N	\N	II	2026-06-10 02:16:23.38031+01	mason	\N	\N	\N
207	Brown	John	\N	\N	\N	2026-06-10 02:16:34.905011+01	carpenter	\N	\N	\N
208	Brown	John	\N	\N	\N	2026-06-10 02:16:41.709542+01	carver	\N	\N	\N
209	Brown	William	\N	\N	\N	2026-06-10 02:16:48.640494+01	mason	\N	\N	\N
210	Brown	William	\N	\N	\N	2026-06-10 02:17:01.20039+01	carpenter	\N	\N	\N
212	Broyl	James	\N	\N	\N	2026-06-10 02:17:23.394908+01	mason	\N	\N	\N
213	Brumleye	John	\N	de	\N	2026-06-10 02:17:34.051365+01	mason	\N	\N	\N
214	Brusyngdon	Robert	\N	\N	\N	2026-06-10 02:17:48.763582+01	carver	\N	\N	\N
215	Buk	Richard	\N	\N	\N	2026-06-10 02:18:00.192143+01	carpenter	\N	\N	\N
216	Buk	Robert	\N	\N	\N	2026-06-10 02:18:06.707368+01	carpenter	\N	\N	\N
217	Bukmer	Gregory	\N	\N	\N	2026-06-10 02:18:18.290957+01	carpenter	\N	\N	\N
218	Bulford	John	\N	\N	\N	2026-06-10 02:18:26.747792+01	carpenter	\N	\N	\N
219	Bullock	Henry	\N	\N	\N	2026-06-10 02:18:34.517614+01	mason	\N	\N	\N
220	Burcestre	John	\N	de	\N	2026-06-10 02:18:49.043592+01	mason	\N	\N	\N
221	Burdon	Richard	\N	\N	\N	2026-06-10 02:18:58.579731+01	mason	\N	\N	\N
222	Burdon	William	\N	\N	I	2026-06-10 02:19:07.469508+01	mason	\N	\N	\N
223	Burdon	William	\N	\N	II	2026-06-10 02:19:15.806953+01	mason	\N	\N	\N
224	Burgo	Gilbert	\N	de	\N	2026-06-10 02:19:30.301189+01	mason	\N	\N	\N
225	Burnell	Ralph	\N	\N	\N	2026-06-10 02:19:39.196187+01	carpenter	\N	\N	\N
226	Burrey	Thomas	\N	\N	\N	2026-06-10 02:19:50.196541+01	mason	\N	\N	\N
227	Burton	John	\N	\N	I	2026-06-10 02:19:59.391756+01	mason	\N	\N	\N
128	Beverley	Robert	\N	of	\N	2026-06-10 02:00:06.724338+01	mason	12	\N	11
181	Bradshaw	Lawrence	\N	\N	\N	2026-06-10 02:11:17.339393+01	carpenter	16	\N	15
194	Brian	John	\N	\N	\N	2026-06-10 02:14:16.198783+01	carpenter	18	\N	17
228	Burton	John	\N	\N	II	2026-06-10 02:20:05.878855+01	mason	\N	\N	\N
229	Burton	Stephen	\N	\N	\N	2026-06-10 02:20:12.805004+01	mason	\N	\N	\N
230	Burwell	John	\N	de	\N	2026-06-10 02:20:24.38301+01	carver	\N	\N	\N
231	Burwell	Robert	\N	\N	\N	2026-06-10 02:20:33.031477+01	carver	\N	\N	\N
232	Bury	John	\N	\N	\N	2026-06-10 02:20:41.288031+01	mason	\N	\N	\N
233	Bury	Richard	\N	de	\N	2026-06-10 02:20:57.686049+01	carpenter	\N	\N	\N
234	Butler	John	\N	\N	\N	2026-06-10 02:21:07.551075+01	mason	\N	\N	\N
235	Butler	Richard	\N	\N	\N	2026-06-10 02:21:16.680063+01	carpenter	\N	\N	\N
236	Buxton	William	\N	\N	\N	2026-06-10 02:21:25.075131+01	carpenter	\N	\N	\N
237	Byndyll	John	\N	\N	\N	2026-06-10 02:21:39.424165+01	mason	\N	\N	\N
238	Bytham	John	\N	of	\N	2026-06-10 02:21:51.086715+01	carpenter	\N	\N	\N
239	Cake	Thomas	\N	\N	\N	2026-06-10 23:32:32.198853+01	mason	\N	\N	\N
240	Caldham	Gabriel	\N	\N	\N	2026-06-10 23:32:47.929196+01	mason	\N	\N	\N
241	Calne	Walter	\N	de	\N	2026-06-10 23:32:58.987522+01	carpenter	\N	\N	\N
242	Cambridge	Matthew	\N	of	\N	2026-06-10 23:33:15.164219+01	\N	\N	\N	\N
243	Cambridge	Thomas	\N	of	\N	2026-06-10 23:33:49.392785+01	mason	\N	\N	\N
244	Campden	Nicholas	\N	of	\N	2026-06-10 23:33:59.424231+01	mason	\N	\N	\N
245	Campton	John	\N	\N	\N	2026-06-10 23:34:08.41493+01	mason	\N	\N	\N
246	Canon	John	\N	\N	\N	2026-06-10 23:34:16.648643+01	carpenter	\N	\N	\N
247	Canon	Stephen	\N	\N	\N	2026-06-10 23:34:23.505336+01	carpenter	\N	\N	\N
248	Canon	Thomas	\N	\N	\N	2026-06-10 23:34:29.745867+01	marbler	\N	\N	\N
249	Cantelou	John	\N	\N	\N	2026-06-10 23:34:41.641713+01	mason	\N	\N	\N
250	Canterbury	Alexander	\N	of	\N	2026-06-10 23:34:52.113566+01	mason	\N	\N	\N
251	Canterbury	John	\N	of	\N	2026-06-10 23:35:02.091643+01	carpenter	\N	\N	\N
253	Canterbury	Michael	\N	of	Junior	2026-06-10 23:35:35.615183+01	mason	\N	\N	\N
254	Canterbury	Peter	\N	of	\N	2026-06-10 23:35:51.471776+01	carpenter	\N	\N	\N
255	Canterbury	Simon	\N	of	\N	2026-06-10 23:36:01.042754+01	carpenter	\N	\N	\N
257	Canterbury	Walter	\N	of	\N	2026-06-10 23:36:21.33112+01	mason	\N	\N	\N
258	Capell	Walter	\N	\N	\N	2026-06-10 23:36:29.380535+01	mason	\N	\N	\N
259	Carlton	Adam	\N	\N	\N	2026-06-10 23:36:39.308974+01	carpenter	\N	\N	\N
260	Carlton	Geoffrey	\N	of	\N	2026-06-10 23:36:57.987808+01	mason	\N	\N	\N
261	Carlton	Miles	\N	de	\N	2026-06-10 23:37:10.432146+01	carpenter	\N	\N	\N
262	Carow	Robert	\N	\N	\N	2026-06-10 23:37:17.207918+01	carpenter	\N	\N	\N
263	Carpenter	Richard	\N	\N	\N	2026-06-10 23:37:32.584037+01	carpenter	\N	\N	\N
264	Carpenter	Stephen	\N	\N	\N	2026-06-10 23:37:40.605275+01	carpenter	\N	\N	\N
265	Carpenter	William	\N	\N	\N	2026-06-10 23:37:50.440458+01	carpenter	\N	\N	\N
266	Carter	John	\N	\N	\N	2026-06-10 23:38:02.776649+01	mason	\N	\N	\N
267	Carter	William	\N	\N	\N	2026-06-10 23:38:13.239686+01	carpenter	\N	\N	\N
268	Carver	David	\N	\N	\N	2026-06-10 23:38:22.005241+01	carver	\N	\N	\N
269	Catelyn	John	\N	\N	\N	2026-06-10 23:38:29.461854+01	mason	\N	\N	\N
270	Causton	John	\N	\N	\N	2026-06-10 23:38:54.270752+01	carpenter	\N	\N	\N
271	Chafyn	Thomas	\N	\N	\N	2026-06-11 10:09:19.459848+01	mason	\N	\N	\N
272	Chalmer	Thomas	\N	\N	\N	2026-06-11 10:09:31.118946+01	mason	\N	\N	\N
273	Chamberlain	John	\N	\N	\N	2026-06-11 10:09:41.011595+01	carpenter	\N	\N	\N
274	Chamberlain	Richard	\N	\N	\N	2026-06-11 10:09:50.088752+01	mason	\N	\N	\N
275	Chambyr	\N	\N	\N	\N	2026-06-11 10:09:59.114901+01	mason	\N	\N	\N
276	Champneys	William	\N	\N	\N	2026-06-11 10:10:08.369414+01	mason	\N	\N	\N
277	Chancellor	William	\N	\N	\N	2026-06-11 10:10:18.150295+01	mason	\N	\N	\N
278	Chapman	John	\N	\N	\N	2026-06-11 10:10:28.940463+01	mason	\N	\N	\N
279	Chapman	William	\N	\N	\N	2026-06-11 10:10:36.797582+01	mason	\N	\N	\N
280	Chaumere	William	\N	\N	\N	2026-06-11 10:10:46.185464+01	mason	\N	\N	\N
281	Cheney	John	\N	\N	\N	2026-06-11 10:10:53.331189+01	mason	\N	\N	\N
282	Cherche	Philip	\N	de	\N	2026-06-11 10:11:09.603241+01	mason	\N	\N	\N
283	Cherche	Richard	\N	at	\N	2026-06-11 10:11:22.803395+01	mason	\N	\N	\N
284	Cheryholme	Richard	\N	\N	\N	2026-06-11 10:11:31.97051+01	bricklayer	\N	\N	\N
285	Chester	\N	Master of the Abbot of	\N	\N	2026-06-11 10:11:52.614521+01	mason	\N	\N	\N
286	Chester	Nicholas	\N	de	\N	2026-06-11 10:12:01.868729+01	carpenter	\N	\N	\N
287	Chesterfield	William	\N	\N	\N	2026-06-11 10:12:10.157242+01	mason	\N	\N	\N
288	Chesterton	Handekyn	\N	de	\N	2026-06-11 10:12:20.93607+01	mason	\N	\N	\N
289	Chevynton	Richard	\N	\N	\N	2026-06-11 10:12:29.222215+01	mason	\N	\N	\N
290	Chichester	\N	Carpenter of	\N	\N	2026-06-11 10:12:46.020601+01	carpenter	\N	\N	\N
291	Chichester	Ralph	\N	of	\N	2026-06-11 10:12:54.116214+01	marbler	\N	\N	\N
292	Child	John	\N	\N	\N	2026-06-11 10:12:59.649643+01	carpenter	\N	\N	\N
293	Christchurch	John	\N	of	\N	2026-06-11 10:13:06.89309+01	mason	\N	\N	\N
294	Christian	\N	the Mason	\N	\N	2026-06-11 10:13:22.411029+01	mason	\N	\N	\N
295	Chuddere	William	\N	\N	\N	2026-06-11 10:13:30.295997+01	carver	\N	\N	\N
296	Clavyll	John	\N	\N	\N	2026-06-11 10:13:39.995995+01	mason	\N	\N	\N
297	Clement	John	\N	\N	\N	2026-06-11 10:13:48.109429+01	carpenter	\N	\N	\N
298	Clement	William	\N	\N	\N	2026-06-11 10:13:55.754489+01	carpenter	\N	\N	\N
299	Clenchwarton	Simon	\N	\N	\N	2026-06-11 10:14:16.448484+01	carpenter	\N	\N	\N
300	Clerk	Cornelius	\N	\N	\N	2026-06-11 10:14:23.990971+01	carpenter	\N	\N	\N
301	Clerk	Henry	\N	\N	\N	2026-06-11 10:14:29.975781+01	mason	\N	\N	\N
303	Clerk	Robert	\N	\N	I	2026-06-11 10:14:45.008277+01	carpenter	\N	\N	\N
304	Clerk	Robert	\N	\N	II	2026-06-11 10:14:53.053768+01	carver	\N	\N	\N
306	Cleuere	Thomas	\N	\N	\N	2026-06-11 10:15:47.106806+01	carpenter	\N	\N	\N
307	Clife	John	\N	\N	\N	2026-06-11 10:15:51.779555+01	mason	\N	\N	\N
308	Clifford	John	\N	\N	\N	2026-06-11 10:15:59.450636+01	mason	\N	\N	\N
309	Cloyner	John	\N	\N	\N	2026-06-11 10:16:13.650978+01	carpenter	\N	\N	\N
310	Clopton	Thomas	\N	\N	\N	2026-06-11 10:16:22.809477+01	carpenter	\N	\N	\N
311	Clydrowe	John	\N	\N	\N	2026-06-11 10:18:00.885621+01	mason	\N	\N	\N
312	Clyff	William	\N	\N	\N	2026-06-11 10:18:12.726477+01	carver	\N	\N	\N
314	Cobb	Robert	\N	\N	\N	2026-06-11 10:18:28.668994+01	mason	\N	\N	\N
315	Cobold	William	\N	\N	\N	2026-06-11 10:18:37.76705+01	carpenter	\N	\N	\N
316	Cobyn	Thomas	\N	\N	\N	2026-06-11 10:18:46.074473+01	mason	\N	\N	\N
318	Coke	John	\N	\N	\N	2026-06-11 10:19:20.909105+01	carpenter	\N	\N	\N
319	Coke	Roger	\N	\N	\N	2026-06-11 10:19:29.647278+01	carpenter	\N	\N	\N
320	Coket	John	\N	\N	\N	2026-06-11 10:19:42.189767+01	mason	\N	\N	\N
321	Cokker	Richard	\N	\N	\N	2026-06-11 10:20:40.810074+01	carpenter	\N	\N	\N
322	Coksegge	Nicholas	\N	\N	\N	2026-06-11 10:20:50.368795+01	carpenter	\N	\N	\N
323	Colchester	John	\N	\N	\N	2026-06-11 10:20:56.274849+01	mason	\N	\N	\N
324	Colchester	Walter	\N	of	\N	2026-06-11 10:21:08.288781+01	\N	\N	\N	\N
326	Cole	John	\N	\N	\N	2026-06-11 10:21:23.887069+01	bricklayer	\N	\N	\N
328	Colebrook	Robert de	\N	\N	\N	2026-06-11 10:21:40.698478+01	carpenter	\N	\N	\N
329	Colechurch	Peter	\N	of	\N	2026-06-11 10:22:17.157551+01	\N	\N	\N	\N
330	Colonia	John	\N	de	\N	2026-06-11 10:22:25.146633+01	carpenter	\N	\N	\N
331	Colwyk	John	\N	de	\N	2026-06-11 10:22:34.064878+01	carpenter	\N	\N	\N
332	Colyer	Thomas	\N	\N	\N	2026-06-11 10:22:41.937409+01	mason	\N	\N	\N
333	Colyn	Piers	\N	\N	\N	2026-06-11 10:22:49.578151+01	carpenter	\N	\N	\N
334	Colyn	Thomas	\N	\N	\N	2026-06-11 10:22:57.228443+01	carver	\N	\N	\N
335	Comber	William	\N	\N	\N	2026-06-11 10:23:38.327121+01	carpenter	\N	\N	\N
336	Combes	Richard	\N	\N	\N	2026-06-11 10:23:52.724038+01	mason	\N	\N	\N
337	Compton	John	\N	de	\N	2026-06-11 10:24:02.931908+01	mason	\N	\N	\N
256	Canterbury	Thomas	\N	of	\N	2026-06-10 23:36:10.515075+01	mason	\N	24	23
305	Clerk	Simon	\N	\N	\N	2026-06-11 10:15:21.218519+01	mason	28	\N	27
313	Clyve	John	\N	\N	\N	2026-06-11 10:18:20.239875+01	mason	\N	30	29
325	Colchester	William	\N	\N	\N	2026-06-11 10:21:15.92951+01	mason	34	\N	33
327	Cole	John	\N	\N	\N	2026-06-11 10:21:29.866687+01	mason	\N	36	35
338	Conan	\N	the Mason	\N	\N	2026-06-11 10:24:10.94945+01	mason	\N	\N	\N
339	Cony	Robert	\N	\N	\N	2026-06-11 10:24:22.494302+01	joiner	\N	\N	\N
340	Cook	Thomas	\N	\N	I	2026-06-11 10:24:31.467482+01	mason	\N	\N	\N
341	Cook	Thomas	\N	\N	II	2026-06-11 10:24:41.949657+01	mason	\N	\N	\N
342	Cooper	Geoffrey	\N	\N	\N	2026-06-11 10:24:58.508851+01	carpenter	\N	\N	\N
344	Copdoke	Thomas	\N	\N	\N	2026-06-11 10:25:23.822836+01	carpenter	\N	\N	\N
345	Copdoke	John	\N	\N	\N	2026-06-11 10:25:30.558081+01	carpenter	\N	\N	\N
346	Corant	Henry	\N	\N	\N	2026-06-11 10:25:41.459379+01	carver	\N	\N	\N
347	Corbridge	Gilbert	\N	de	\N	2026-06-11 11:09:37.197108+01	carpenter	\N	\N	\N
348	Corby	Robert	\N	de	\N	2026-06-11 11:09:46.128614+01	mason	\N	\N	\N
349	Corfe	John	\N	de	\N	2026-06-11 11:09:52.933562+01	mason	\N	\N	\N
350	Cornwall	John	\N	\N	\N	2026-06-11 11:09:58.476406+01	mason	\N	\N	\N
351	Corscombe	John	\N	de	\N	2026-06-11 11:10:06.033169+01	mason	\N	\N	\N
352	Corvehill	William	\N	\N	\N	2026-06-11 11:10:14.286867+01	\N	\N	\N	\N
353	Coryngdon	John	\N	\N	\N	2026-06-11 11:10:25.216135+01	mason	\N	\N	\N
354	Coterel	Richard	\N	\N	\N	2026-06-11 11:10:32.137169+01	carpenter	\N	\N	\N
355	Cotom	John	\N	\N	\N	2026-06-11 11:10:37.934384+01	mason	\N	\N	\N
356	Cottingham	William	\N	\N	\N	2026-06-11 11:10:45.953732+01	carpenter	\N	\N	\N
357	Couper	Andrew	\N	\N	\N	2026-06-11 11:10:53.786941+01	carpenter	\N	\N	\N
358	Couper	John	\N	\N	\N	2026-06-11 11:11:00.338089+01	carpenter	\N	\N	\N
359	Couper	Robert	\N	\N	\N	2026-06-11 11:11:06.114213+01	mason	\N	\N	\N
360	Courtley	John	\N	\N	\N	2026-06-11 11:11:26.15186+01	carpenter	\N	\N	\N
361	Coventry	Thomas	\N	\N	\N	2026-06-11 11:11:32.743671+01	carpenter	\N	\N	\N
362	Coventry	Walter	\N	\N	\N	2026-06-11 11:11:38.032597+01	mason	\N	\N	\N
363	Coventry	\N	the Mason of	\N	\N	2026-06-11 11:11:49.856039+01	mason	\N	\N	\N
365	Cowper	Nicholas	\N	\N	\N	2026-06-11 11:12:46.201047+01	mason	\N	\N	\N
366	Cowper	William	\N	\N	\N	2026-06-11 11:12:51.873164+01	carpenter	\N	\N	\N
367	Coyny	Robert	\N	\N	\N	2026-06-11 11:12:59.777468+01	carpenter	\N	\N	\N
368	Cracall	Richard	\N	of	\N	2026-06-11 11:13:06.54713+01	mason	\N	\N	\N
369	Crakall	John	\N	\N	\N	2026-06-11 11:13:12.533464+01	mason	\N	\N	\N
370	Craneby	John	\N	\N	\N	2026-06-11 11:13:18.226008+01	carpenter	\N	\N	\N
371	Cranswick	John	\N	de	\N	2026-06-11 11:13:25.881137+01	carpenter	\N	\N	\N
372	Craven	Nicholas	\N	\N	\N	2026-06-11 11:13:35.529763+01	mason	\N	\N	\N
373	Cressing	John	\N	\N	\N	2026-06-11 11:13:43.4664+01	carpenter	\N	\N	\N
374	Crikylwode	Thomas	\N	\N	\N	2026-06-11 11:13:52.826803+01	mason	\N	\N	\N
375	Crofton	William	\N	\N	\N	2026-06-11 11:13:59.476484+01	carpenter	\N	\N	\N
376	Croke	Richard	\N	\N	\N	2026-06-11 11:20:29.425725+01	mason	\N	\N	\N
377	Crosby	Robert	\N	\N	\N	2026-06-11 11:20:40.604574+01	carpenter	\N	\N	\N
378	Crosse	Benedict	\N	\N	\N	2026-06-11 11:20:55.784125+01	mason	\N	\N	\N
379	Cross	John	\N	\N	\N	2026-06-11 11:21:08.592168+01	carpenter	\N	\N	\N
380	Crowe	William	\N	\N	\N	2026-06-11 11:21:16.932833+01	carpenter	\N	\N	\N
382	Croyland	William	\N	de	\N	2026-06-11 11:21:33.122726+01	mason	\N	\N	\N
383	Crump	Thomas	\N	\N	\N	2026-06-11 11:21:40.956777+01	mason	\N	\N	\N
385	Crundale	Roger	\N	\N	\N	2026-06-11 11:21:55.902222+01	mason	\N	\N	\N
386	Curraunt	Robert	\N	\N	\N	2026-06-11 11:22:03.380567+01	mason	\N	\N	\N
387	Curteys	John	\N	\N	\N	2026-06-11 11:22:10.327412+01	carpenter	\N	\N	\N
388	Curteys	Richard	\N	\N	\N	2026-06-11 11:22:18.092914+01	mason	\N	\N	\N
389	Cutting	John	\N	\N	\N	2026-06-11 11:22:24.392295+01	mason	\N	\N	\N
390	Cutting	Richard	\N	\N	\N	2026-06-11 11:22:40.13298+01	mason	\N	\N	\N
391	Cutting	Thomas	\N	\N	\N	2026-06-11 11:22:46.80384+01	mason	\N	\N	\N
392	Cutting	William	\N	\N	\N	2026-06-11 11:22:59.585004+01	mason	\N	\N	\N
127	Berty	Thomas	\N	\N	\N	2026-06-10 01:59:32.194277+01	mason	10	\N	9
177	Box	John	\N	\N	\N	2026-06-10 02:09:55.887358+01	mason	14	\N	13
211	Brownfleet	William	\N	\N	\N	2026-06-10 02:17:14.473196+01	carpenter	\N	20	19
252	Canterbury	Michael	\N	of	\N	2026-06-10 23:35:11.281916+01	mason	22	\N	21
302	Clerk	John	\N	\N	\N	2026-06-11 10:14:36.489527+01	mason	26	\N	25
317	Coke	Humphrey	\N	\N	\N	2026-06-11 10:19:14.537441+01	carpenter	32	\N	31
343	Coorland	Walter	\N	\N	\N	2026-06-11 10:25:06.423967+01	mason	\N	38	37
364	Cowper	John	\N	\N	\N	2026-06-11 11:11:58.510439+01	mason	\N	40	39
381	Croxton	John	\N	\N	\N	2026-06-11 11:21:24.414039+01	mason	\N	42	41
384	Crundale	Richard	\N	\N	\N	2026-06-11 11:21:48.989999+01	mason	44	\N	43
393	Danyell	Thomas	\N	\N	\N	2026-07-18 13:44:15.210208+01	mason	\N	46	45
394	Derneford	Nicholas	\N	de	\N	2026-07-18 13:44:46.78454+01	mason	\N	48	47
395	Drawswerd	Thomas	\N	\N	\N	2026-07-18 13:45:22.326387+01	carver	50	\N	49
396	Ellerton	Henry	\N	de	\N	2026-07-18 13:46:03.378428+01	mason	\N	52	51
397	Ely	Reginald	\N	\N	\N	2026-07-18 13:46:40.330883+01	mason	54	\N	53
398	Everard	Robert	\N	\N	\N	2026-07-18 13:47:05.065742+01	mason	\N	56	55
399	Eynsham	Henry	\N	de	\N	2026-07-18 13:48:40.124961+01	mason	\N	58	57
400	Eyton	William	\N	de	\N	2026-07-18 13:49:02.569179+01	mason	\N	60	59
401	Farleigh	Richard	\N	of	\N	2026-07-18 13:49:22.091709+01	mason	\N	62	61
402	Fonoyll	Raynard	\N	\N	\N	2026-07-18 13:49:45.791923+01	mason	\N	64	63
403	Forman	John	\N	\N	\N	2026-07-18 13:50:11.01416+01	mason	66	\N	65
404	Gloucester	John	\N	of	\N	2026-07-18 13:50:36.301618+01	mason	68	\N	67
405	Graveley	Edmund	\N	\N	\N	2026-07-18 13:51:01.358147+01	carpenter	\N	70	69
406	Graver	William	\N	\N	\N	2026-07-18 13:51:33.620722+01	mason	\N	72	71
407	Haschenperg	Stephen	\N	von	\N	2026-07-18 13:52:05.392274+01	engineer	\N	74	73
408	Helpeston	William	\N	de	\N	2026-07-18 13:52:24.681924+01	mason	\N	76	75
409	Hereford	Walter	\N	of	\N	2026-07-18 13:52:50.51472+01	mason	78	\N	77
410	Herland	Hugh	\N	\N	\N	2026-07-18 13:53:18.763626+01	carpenter	80	\N	79
411	Herland	William	\N	\N	\N	2026-07-18 14:55:17.440029+01	carpenter	82	\N	81
412	Hulle	Robert	\N	\N	\N	2026-07-18 14:55:46.019942+01	mason	84	\N	83
413	Hunt	William	\N	\N	\N	2026-07-18 14:56:07.907834+01	carver	86	\N	85
414	Hurley	William	\N	\N	\N	2026-07-18 14:56:27.518756+01	carpenter	88	\N	87
415	Hyndeley	Thomas	\N	\N	\N	2026-07-18 14:56:55.343732+01	mason	\N	90	89
416	Hyndeley	William	\N	\N	\N	2026-07-18 14:57:15.9066+01	mason	92	\N	91
417	Janyns	Henry	\N	\N	\N	2026-07-18 14:57:35.926548+01	mason	\N	94	93
418	Janyns	Robert	\N	\N	Junior	2026-07-18 14:58:08.015256+01	mason	\N	96	95
419	Joy	William	\N	\N	\N	2026-07-18 14:58:26.707339+01	mason	\N	98	97
420	Kympton	Hugh	\N	\N	\N	2026-07-18 14:59:00.56003+01	mason	\N	100	99
421	Lebons	John	\N	\N	\N	2026-07-18 14:59:20.070722+01	mason	\N	102	101
422	Lee	John	\N	\N	\N	2026-07-18 14:59:37.756101+01	mason	104	\N	103
423	Lee	Richard	\N	\N	\N	2026-07-18 14:59:59.31431+01	mason	\N	106	105
424	Lee	Sir Richard	\N	\N	\N	2026-07-18 15:00:20.706992+01	engineer	108	\N	107
425	Leicester	John	\N	\N	\N	2026-07-18 15:00:48.812947+01	mason	\N	110	109
426	Lenginour	Richard	\N	\N	\N	2026-07-18 15:01:12.689955+01	engineer	112	\N	111
427	Lengynour	Robert	\N	\N	I	2026-07-18 15:01:41.722661+01	mason	\N	114	113
428	Lesyngham	Robert	\N	\N	\N	2026-07-18 15:02:00.265713+01	mason	\N	116	115
429	Lewyn	John	\N	\N	\N	2026-07-18 15:02:28.453254+01	mason	118	\N	117
430	Lote	Stephen	\N	\N	\N	2026-07-18 15:02:50.953954+01	mason	120	\N	119
431	Malton	William	\N	de	\N	2026-07-18 15:03:12.748609+01	mason	\N	122	121
432	Mapilton	Thomas	\N	\N	\N	2026-07-18 15:03:31.797956+01	mason	124	\N	123
433	Massingham	John	\N	\N	III, Senior	2026-07-18 15:04:39.115182+01	carver	\N	126	125
434	Molton	John	\N	\N	\N	2026-07-18 15:05:09.793511+01	mason	128	\N	127
435	Montfort	John	\N	\N	\N	2026-07-18 15:05:37.451855+01	mason	130	\N	129
436	Nedeham	James	\N	\N	\N	2026-07-18 15:05:58.005242+01	carpenter	132	\N	131
437	Orchard	William	\N	\N	\N	2026-07-18 15:06:17.505302+01	mason	134	\N	133
438	Pabenham	Simon	\N	de	I	2026-07-18 15:06:46.044547+01	mason	136	\N	135
439	Patrington	Robert	\N	\N	I	2026-07-18 15:07:07.451874+01	mason	\N	138	137
440	Pope	Richard	\N	\N	\N	2026-07-18 15:07:24.291346+01	mason	\N	\N	139
441	Portland	Nicholas	\N	\N	\N	2026-07-18 15:07:44.226289+01	mason	141	\N	140
442	Prentice	Martin	\N	\N	\N	2026-07-18 15:08:05.61282+01	carpenter	\N	143	142
443	Raghton	Ivo	\N	de	\N	2026-07-18 15:08:24.277014+01	mason	145	\N	144
444	Ramsey	John	\N	de	I	2026-07-18 15:09:01.418458+01	mason	\N	147	146
445	Ramsey	William	\N	de	III	2026-07-18 15:09:24.40715+01	mason	149	\N	148
446	Redman	Henry	\N	\N	\N	2026-07-18 15:09:50.265287+01	mason	151	\N	150
447	Reyns	Henry	\N	de	\N	2026-07-18 15:10:15.193378+01	mason	153	\N	152
448	Burgos	Ricardo	\N	of	\N	2026-07-18 15:11:00.752336+01	mason	\N	155	154
449	\N	Robert	the Mason	\N	I	2026-07-18 15:11:28.970668+01	mason	\N	157	156
450	\N	Roger	the Mason	\N	II	2026-07-18 15:12:01.299413+01	mason	159	\N	158
451	Rogers	John	\N	\N	II	2026-07-18 15:12:21.230026+01	mason	161	\N	160
452	Russell	John	\N	\N	Junior	2026-07-18 15:12:49.70543+01	carpenter	163	\N	162
453	Russell	Richard	\N	\N	\N	2026-07-18 15:13:13.276144+01	carpenter	165	\N	164
454	St. George	James	\N	of	\N	2026-07-18 15:13:36.662858+01	mason	167	\N	166
455	Scune	Christopher	\N	\N	\N	2026-07-18 15:13:59.197155+01	mason	\N	169	168
456	Sens	William	\N	of	\N	2026-07-18 15:14:20.470068+01	mason	171	\N	170
457	\N	Simon	the Mason	\N	I	2026-07-18 15:14:42.842092+01	mason	173	\N	172
458	Skyllington	Robert	\N	\N	\N	2026-07-18 15:15:02.75761+01	mason	\N	175	174
459	Smyth	John	\N	\N	I	2026-07-18 15:15:38.289575+01	mason	177	\N	176
460	Smyth	William	\N	\N	\N	2026-07-18 15:16:00.249576+01	mason	179	\N	178
461	Snelleston	Henry	\N	de	\N	2026-07-18 15:17:23.849149+01	mason	181	\N	180
462	Sponlee	John	\N	de	\N	2026-07-18 15:17:49.729571+01	mason	183	\N	182
463	Stow	Richard	\N	de	II	2026-07-18 15:18:15.910446+01	mason	\N	185	184
464	Stowell	Robert	\N	\N	\N	2026-07-18 15:18:49.273005+01	mason	187	\N	186
465	Thirsk	John	\N	\N	\N	2026-07-18 15:19:23.112751+01	mason	189	\N	188
466	Tresk	Simon	\N	de	\N	2026-07-18 15:19:57.347034+01	mason	191	\N	190
467	Vertue	Robert	\N	\N	Junior	2026-07-18 15:20:23.608009+01	mason	193	\N	192
468	Vertue	Robert	\N	\N	\N	2026-07-18 15:20:49.632985+01	mason	195	\N	194
469	Vertue	William	\N	\N	\N	2026-07-18 15:21:11.364364+01	mason	197	\N	196
470	Waleys	Walter	\N	\N	\N	2026-07-18 15:21:40.313+01	mason	199	\N	198
471	Walton	Walter	\N	\N	\N	2026-07-18 15:22:03.27215+01	mason	201	\N	200
472	Wastell	John	\N	\N	\N	2026-07-18 15:22:29.480409+01	mason	203	\N	202
473	Weldon	John	\N	de	\N	2026-07-18 15:22:47.502535+01	mason	\N	\N	204
474	Westerley	Robert	\N	\N	\N	2026-07-18 15:23:08.743142+01	mason	\N	206	205
475	Winchcombe	Richard	\N	\N	\N	2026-07-18 15:23:28.352334+01	mason	208	\N	207
476	Witney	Thomas	\N	of	\N	2026-07-18 15:23:49.341053+01	mason	\N	210	209
477	Wodehirst	Robert	\N	de	\N	2026-07-18 15:24:09.233733+01	mason	212	\N	211
478	Woderofe	James	\N	\N	\N	2026-07-18 15:24:38.901259+01	mason	\N	214	213
479	Wolveston	Richard	\N	de	\N	2026-07-18 15:25:33.696549+01	engineer	216	\N	215
480	Wolvey	Thomas	\N	\N	\N	2026-07-18 15:25:49.980736+01	mason	218	\N	217
481	Wynford	William	\N	de	\N	2026-07-18 15:26:29.118357+01	mason	220	\N	219
482	Wytham	Richard	\N	of	\N	2026-07-18 15:26:47.741751+01	mason	\N	222	221
483	Yeveley	Henry	\N	\N	\N	2026-07-18 15:27:03.818962+01	mason	224	\N	223
\.


--
-- Name: auth_group_id_seq; Type: SEQUENCE SET; Schema: public; Owner: postgres
--

SELECT pg_catalog.setval('public.auth_group_id_seq', 1, false);


--
-- Name: auth_group_permissions_id_seq; Type: SEQUENCE SET; Schema: public; Owner: postgres
--

SELECT pg_catalog.setval('public.auth_group_permissions_id_seq', 1, false);


--
-- Name: auth_permission_id_seq; Type: SEQUENCE SET; Schema: public; Owner: postgres
--

SELECT pg_catalog.setval('public.auth_permission_id_seq', 44, true);


--
-- Name: auth_user_groups_id_seq; Type: SEQUENCE SET; Schema: public; Owner: postgres
--

SELECT pg_catalog.setval('public.auth_user_groups_id_seq', 1, false);


--
-- Name: auth_user_id_seq; Type: SEQUENCE SET; Schema: public; Owner: postgres
--

SELECT pg_catalog.setval('public.auth_user_id_seq', 1, true);


--
-- Name: auth_user_user_permissions_id_seq; Type: SEQUENCE SET; Schema: public; Owner: postgres
--

SELECT pg_catalog.setval('public.auth_user_user_permissions_id_seq', 1, false);


--
-- Name: buildings_building_id_seq; Type: SEQUENCE SET; Schema: public; Owner: postgres
--

SELECT pg_catalog.setval('public.buildings_building_id_seq', 1, false);


--
-- Name: buildings_building_people_id_seq; Type: SEQUENCE SET; Schema: public; Owner: postgres
--

SELECT pg_catalog.setval('public.buildings_building_people_id_seq', 1, false);


--
-- Name: buildings_buildingtype_id_seq; Type: SEQUENCE SET; Schema: public; Owner: postgres
--

SELECT pg_catalog.setval('public.buildings_buildingtype_id_seq', 1, false);


--
-- Name: buildings_georef_id_seq; Type: SEQUENCE SET; Schema: public; Owner: postgres
--

SELECT pg_catalog.setval('public.buildings_georef_id_seq', 1, false);


--
-- Name: chronology_uncertaindate_id_seq; Type: SEQUENCE SET; Schema: public; Owner: postgres
--

SELECT pg_catalog.setval('public.chronology_uncertaindate_id_seq', 224, true);


--
-- Name: django_admin_log_id_seq; Type: SEQUENCE SET; Schema: public; Owner: postgres
--

SELECT pg_catalog.setval('public.django_admin_log_id_seq', 802, true);


--
-- Name: django_content_type_id_seq; Type: SEQUENCE SET; Schema: public; Owner: postgres
--

SELECT pg_catalog.setval('public.django_content_type_id_seq', 11, true);


--
-- Name: django_migrations_id_seq; Type: SEQUENCE SET; Schema: public; Owner: postgres
--

SELECT pg_catalog.setval('public.django_migrations_id_seq', 41, true);


--
-- Name: people_person_id_seq; Type: SEQUENCE SET; Schema: public; Owner: postgres
--

SELECT pg_catalog.setval('public.people_person_id_seq', 483, true);


--
-- Name: auth_group auth_group_name_key; Type: CONSTRAINT; Schema: public; Owner: postgres
--

ALTER TABLE ONLY public.auth_group
    ADD CONSTRAINT auth_group_name_key UNIQUE (name);


--
-- Name: auth_group_permissions auth_group_permissions_group_id_permission_id_0cd325b0_uniq; Type: CONSTRAINT; Schema: public; Owner: postgres
--

ALTER TABLE ONLY public.auth_group_permissions
    ADD CONSTRAINT auth_group_permissions_group_id_permission_id_0cd325b0_uniq UNIQUE (group_id, permission_id);


--
-- Name: auth_group_permissions auth_group_permissions_pkey; Type: CONSTRAINT; Schema: public; Owner: postgres
--

ALTER TABLE ONLY public.auth_group_permissions
    ADD CONSTRAINT auth_group_permissions_pkey PRIMARY KEY (id);


--
-- Name: auth_group auth_group_pkey; Type: CONSTRAINT; Schema: public; Owner: postgres
--

ALTER TABLE ONLY public.auth_group
    ADD CONSTRAINT auth_group_pkey PRIMARY KEY (id);


--
-- Name: auth_permission auth_permission_content_type_id_codename_01ab375a_uniq; Type: CONSTRAINT; Schema: public; Owner: postgres
--

ALTER TABLE ONLY public.auth_permission
    ADD CONSTRAINT auth_permission_content_type_id_codename_01ab375a_uniq UNIQUE (content_type_id, codename);


--
-- Name: auth_permission auth_permission_pkey; Type: CONSTRAINT; Schema: public; Owner: postgres
--

ALTER TABLE ONLY public.auth_permission
    ADD CONSTRAINT auth_permission_pkey PRIMARY KEY (id);


--
-- Name: auth_user_groups auth_user_groups_pkey; Type: CONSTRAINT; Schema: public; Owner: postgres
--

ALTER TABLE ONLY public.auth_user_groups
    ADD CONSTRAINT auth_user_groups_pkey PRIMARY KEY (id);


--
-- Name: auth_user_groups auth_user_groups_user_id_group_id_94350c0c_uniq; Type: CONSTRAINT; Schema: public; Owner: postgres
--

ALTER TABLE ONLY public.auth_user_groups
    ADD CONSTRAINT auth_user_groups_user_id_group_id_94350c0c_uniq UNIQUE (user_id, group_id);


--
-- Name: auth_user auth_user_pkey; Type: CONSTRAINT; Schema: public; Owner: postgres
--

ALTER TABLE ONLY public.auth_user
    ADD CONSTRAINT auth_user_pkey PRIMARY KEY (id);


--
-- Name: auth_user_user_permissions auth_user_user_permissions_pkey; Type: CONSTRAINT; Schema: public; Owner: postgres
--

ALTER TABLE ONLY public.auth_user_user_permissions
    ADD CONSTRAINT auth_user_user_permissions_pkey PRIMARY KEY (id);


--
-- Name: auth_user_user_permissions auth_user_user_permissions_user_id_permission_id_14a6b632_uniq; Type: CONSTRAINT; Schema: public; Owner: postgres
--

ALTER TABLE ONLY public.auth_user_user_permissions
    ADD CONSTRAINT auth_user_user_permissions_user_id_permission_id_14a6b632_uniq UNIQUE (user_id, permission_id);


--
-- Name: auth_user auth_user_username_key; Type: CONSTRAINT; Schema: public; Owner: postgres
--

ALTER TABLE ONLY public.auth_user
    ADD CONSTRAINT auth_user_username_key UNIQUE (username);


--
-- Name: buildings_building_people buildings_building_people_building_id_person_id_68603dfb_uniq; Type: CONSTRAINT; Schema: public; Owner: postgres
--

ALTER TABLE ONLY public.buildings_building_people
    ADD CONSTRAINT buildings_building_people_building_id_person_id_68603dfb_uniq UNIQUE (building_id, person_id);


--
-- Name: buildings_building_people buildings_building_people_pkey; Type: CONSTRAINT; Schema: public; Owner: postgres
--

ALTER TABLE ONLY public.buildings_building_people
    ADD CONSTRAINT buildings_building_people_pkey PRIMARY KEY (id);


--
-- Name: buildings_building buildings_building_pkey; Type: CONSTRAINT; Schema: public; Owner: postgres
--

ALTER TABLE ONLY public.buildings_building
    ADD CONSTRAINT buildings_building_pkey PRIMARY KEY (id);


--
-- Name: buildings_buildingtype buildings_buildingtype_pkey; Type: CONSTRAINT; Schema: public; Owner: postgres
--

ALTER TABLE ONLY public.buildings_buildingtype
    ADD CONSTRAINT buildings_buildingtype_pkey PRIMARY KEY (id);


--
-- Name: buildings_georef buildings_georef_building_id_key; Type: CONSTRAINT; Schema: public; Owner: postgres
--

ALTER TABLE ONLY public.buildings_georef
    ADD CONSTRAINT buildings_georef_building_id_key UNIQUE (building_id);


--
-- Name: buildings_georef buildings_georef_pkey; Type: CONSTRAINT; Schema: public; Owner: postgres
--

ALTER TABLE ONLY public.buildings_georef
    ADD CONSTRAINT buildings_georef_pkey PRIMARY KEY (id);


--
-- Name: chronology_uncertaindate chronology_uncertaindate_pkey; Type: CONSTRAINT; Schema: public; Owner: postgres
--

ALTER TABLE ONLY public.chronology_uncertaindate
    ADD CONSTRAINT chronology_uncertaindate_pkey PRIMARY KEY (id);


--
-- Name: django_admin_log django_admin_log_pkey; Type: CONSTRAINT; Schema: public; Owner: postgres
--

ALTER TABLE ONLY public.django_admin_log
    ADD CONSTRAINT django_admin_log_pkey PRIMARY KEY (id);


--
-- Name: django_content_type django_content_type_app_label_model_76bd3d3b_uniq; Type: CONSTRAINT; Schema: public; Owner: postgres
--

ALTER TABLE ONLY public.django_content_type
    ADD CONSTRAINT django_content_type_app_label_model_76bd3d3b_uniq UNIQUE (app_label, model);


--
-- Name: django_content_type django_content_type_pkey; Type: CONSTRAINT; Schema: public; Owner: postgres
--

ALTER TABLE ONLY public.django_content_type
    ADD CONSTRAINT django_content_type_pkey PRIMARY KEY (id);


--
-- Name: django_migrations django_migrations_pkey; Type: CONSTRAINT; Schema: public; Owner: postgres
--

ALTER TABLE ONLY public.django_migrations
    ADD CONSTRAINT django_migrations_pkey PRIMARY KEY (id);


--
-- Name: django_session django_session_pkey; Type: CONSTRAINT; Schema: public; Owner: postgres
--

ALTER TABLE ONLY public.django_session
    ADD CONSTRAINT django_session_pkey PRIMARY KEY (session_key);


--
-- Name: people_person people_person_death_id_5c49e183_uniq; Type: CONSTRAINT; Schema: public; Owner: postgres
--

ALTER TABLE ONLY public.people_person
    ADD CONSTRAINT people_person_death_id_5c49e183_uniq UNIQUE (death_id);


--
-- Name: people_person people_person_floruit_end_id_893b9fe6_uniq; Type: CONSTRAINT; Schema: public; Owner: postgres
--

ALTER TABLE ONLY public.people_person
    ADD CONSTRAINT people_person_floruit_end_id_893b9fe6_uniq UNIQUE (floruit_end_id);


--
-- Name: people_person people_person_floruit_start_id_21322acb_uniq; Type: CONSTRAINT; Schema: public; Owner: postgres
--

ALTER TABLE ONLY public.people_person
    ADD CONSTRAINT people_person_floruit_start_id_21322acb_uniq UNIQUE (floruit_start_id);


--
-- Name: people_person people_person_pkey; Type: CONSTRAINT; Schema: public; Owner: postgres
--

ALTER TABLE ONLY public.people_person
    ADD CONSTRAINT people_person_pkey PRIMARY KEY (id);


--
-- Name: auth_group_name_a6ea08ec_like; Type: INDEX; Schema: public; Owner: postgres
--

CREATE INDEX auth_group_name_a6ea08ec_like ON public.auth_group USING btree (name varchar_pattern_ops);


--
-- Name: auth_group_permissions_group_id_b120cbf9; Type: INDEX; Schema: public; Owner: postgres
--

CREATE INDEX auth_group_permissions_group_id_b120cbf9 ON public.auth_group_permissions USING btree (group_id);


--
-- Name: auth_group_permissions_permission_id_84c5c92e; Type: INDEX; Schema: public; Owner: postgres
--

CREATE INDEX auth_group_permissions_permission_id_84c5c92e ON public.auth_group_permissions USING btree (permission_id);


--
-- Name: auth_permission_content_type_id_2f476e4b; Type: INDEX; Schema: public; Owner: postgres
--

CREATE INDEX auth_permission_content_type_id_2f476e4b ON public.auth_permission USING btree (content_type_id);


--
-- Name: auth_user_groups_group_id_97559544; Type: INDEX; Schema: public; Owner: postgres
--

CREATE INDEX auth_user_groups_group_id_97559544 ON public.auth_user_groups USING btree (group_id);


--
-- Name: auth_user_groups_user_id_6a12ed8b; Type: INDEX; Schema: public; Owner: postgres
--

CREATE INDEX auth_user_groups_user_id_6a12ed8b ON public.auth_user_groups USING btree (user_id);


--
-- Name: auth_user_user_permissions_permission_id_1fbb5f2c; Type: INDEX; Schema: public; Owner: postgres
--

CREATE INDEX auth_user_user_permissions_permission_id_1fbb5f2c ON public.auth_user_user_permissions USING btree (permission_id);


--
-- Name: auth_user_user_permissions_user_id_a95ead1b; Type: INDEX; Schema: public; Owner: postgres
--

CREATE INDEX auth_user_user_permissions_user_id_a95ead1b ON public.auth_user_user_permissions USING btree (user_id);


--
-- Name: auth_user_username_6821ab7c_like; Type: INDEX; Schema: public; Owner: postgres
--

CREATE INDEX auth_user_username_6821ab7c_like ON public.auth_user USING btree (username varchar_pattern_ops);


--
-- Name: buildings_building_building_type_id_db57de63; Type: INDEX; Schema: public; Owner: postgres
--

CREATE INDEX buildings_building_building_type_id_db57de63 ON public.buildings_building USING btree (building_type_id);


--
-- Name: buildings_building_people_building_id_8d0a4607; Type: INDEX; Schema: public; Owner: postgres
--

CREATE INDEX buildings_building_people_building_id_8d0a4607 ON public.buildings_building_people USING btree (building_id);


--
-- Name: buildings_building_people_person_id_b8516a12; Type: INDEX; Schema: public; Owner: postgres
--

CREATE INDEX buildings_building_people_person_id_b8516a12 ON public.buildings_building_people USING btree (person_id);


--
-- Name: django_admin_log_content_type_id_c4bce8eb; Type: INDEX; Schema: public; Owner: postgres
--

CREATE INDEX django_admin_log_content_type_id_c4bce8eb ON public.django_admin_log USING btree (content_type_id);


--
-- Name: django_admin_log_user_id_c564eba6; Type: INDEX; Schema: public; Owner: postgres
--

CREATE INDEX django_admin_log_user_id_c564eba6 ON public.django_admin_log USING btree (user_id);


--
-- Name: django_session_expire_date_a5c62663; Type: INDEX; Schema: public; Owner: postgres
--

CREATE INDEX django_session_expire_date_a5c62663 ON public.django_session USING btree (expire_date);


--
-- Name: django_session_session_key_c0390e0f_like; Type: INDEX; Schema: public; Owner: postgres
--

CREATE INDEX django_session_session_key_c0390e0f_like ON public.django_session USING btree (session_key varchar_pattern_ops);


--
-- Name: auth_group_permissions auth_group_permissio_permission_id_84c5c92e_fk_auth_perm; Type: FK CONSTRAINT; Schema: public; Owner: postgres
--

ALTER TABLE ONLY public.auth_group_permissions
    ADD CONSTRAINT auth_group_permissio_permission_id_84c5c92e_fk_auth_perm FOREIGN KEY (permission_id) REFERENCES public.auth_permission(id) DEFERRABLE INITIALLY DEFERRED;


--
-- Name: auth_group_permissions auth_group_permissions_group_id_b120cbf9_fk_auth_group_id; Type: FK CONSTRAINT; Schema: public; Owner: postgres
--

ALTER TABLE ONLY public.auth_group_permissions
    ADD CONSTRAINT auth_group_permissions_group_id_b120cbf9_fk_auth_group_id FOREIGN KEY (group_id) REFERENCES public.auth_group(id) DEFERRABLE INITIALLY DEFERRED;


--
-- Name: auth_permission auth_permission_content_type_id_2f476e4b_fk_django_co; Type: FK CONSTRAINT; Schema: public; Owner: postgres
--

ALTER TABLE ONLY public.auth_permission
    ADD CONSTRAINT auth_permission_content_type_id_2f476e4b_fk_django_co FOREIGN KEY (content_type_id) REFERENCES public.django_content_type(id) DEFERRABLE INITIALLY DEFERRED;


--
-- Name: auth_user_groups auth_user_groups_group_id_97559544_fk_auth_group_id; Type: FK CONSTRAINT; Schema: public; Owner: postgres
--

ALTER TABLE ONLY public.auth_user_groups
    ADD CONSTRAINT auth_user_groups_group_id_97559544_fk_auth_group_id FOREIGN KEY (group_id) REFERENCES public.auth_group(id) DEFERRABLE INITIALLY DEFERRED;


--
-- Name: auth_user_groups auth_user_groups_user_id_6a12ed8b_fk_auth_user_id; Type: FK CONSTRAINT; Schema: public; Owner: postgres
--

ALTER TABLE ONLY public.auth_user_groups
    ADD CONSTRAINT auth_user_groups_user_id_6a12ed8b_fk_auth_user_id FOREIGN KEY (user_id) REFERENCES public.auth_user(id) DEFERRABLE INITIALLY DEFERRED;


--
-- Name: auth_user_user_permissions auth_user_user_permi_permission_id_1fbb5f2c_fk_auth_perm; Type: FK CONSTRAINT; Schema: public; Owner: postgres
--

ALTER TABLE ONLY public.auth_user_user_permissions
    ADD CONSTRAINT auth_user_user_permi_permission_id_1fbb5f2c_fk_auth_perm FOREIGN KEY (permission_id) REFERENCES public.auth_permission(id) DEFERRABLE INITIALLY DEFERRED;


--
-- Name: auth_user_user_permissions auth_user_user_permissions_user_id_a95ead1b_fk_auth_user_id; Type: FK CONSTRAINT; Schema: public; Owner: postgres
--

ALTER TABLE ONLY public.auth_user_user_permissions
    ADD CONSTRAINT auth_user_user_permissions_user_id_a95ead1b_fk_auth_user_id FOREIGN KEY (user_id) REFERENCES public.auth_user(id) DEFERRABLE INITIALLY DEFERRED;


--
-- Name: buildings_building buildings_building_building_type_id_db57de63_fk_buildings; Type: FK CONSTRAINT; Schema: public; Owner: postgres
--

ALTER TABLE ONLY public.buildings_building
    ADD CONSTRAINT buildings_building_building_type_id_db57de63_fk_buildings FOREIGN KEY (building_type_id) REFERENCES public.buildings_buildingtype(id) DEFERRABLE INITIALLY DEFERRED;


--
-- Name: buildings_building_people buildings_building_p_building_id_8d0a4607_fk_buildings; Type: FK CONSTRAINT; Schema: public; Owner: postgres
--

ALTER TABLE ONLY public.buildings_building_people
    ADD CONSTRAINT buildings_building_p_building_id_8d0a4607_fk_buildings FOREIGN KEY (building_id) REFERENCES public.buildings_building(id) DEFERRABLE INITIALLY DEFERRED;


--
-- Name: buildings_building_people buildings_building_p_person_id_b8516a12_fk_people_pe; Type: FK CONSTRAINT; Schema: public; Owner: postgres
--

ALTER TABLE ONLY public.buildings_building_people
    ADD CONSTRAINT buildings_building_p_person_id_b8516a12_fk_people_pe FOREIGN KEY (person_id) REFERENCES public.people_person(id) DEFERRABLE INITIALLY DEFERRED;


--
-- Name: buildings_georef buildings_georef_building_id_38f2aa21_fk_buildings_building_id; Type: FK CONSTRAINT; Schema: public; Owner: postgres
--

ALTER TABLE ONLY public.buildings_georef
    ADD CONSTRAINT buildings_georef_building_id_38f2aa21_fk_buildings_building_id FOREIGN KEY (building_id) REFERENCES public.buildings_building(id) DEFERRABLE INITIALLY DEFERRED;


--
-- Name: django_admin_log django_admin_log_content_type_id_c4bce8eb_fk_django_co; Type: FK CONSTRAINT; Schema: public; Owner: postgres
--

ALTER TABLE ONLY public.django_admin_log
    ADD CONSTRAINT django_admin_log_content_type_id_c4bce8eb_fk_django_co FOREIGN KEY (content_type_id) REFERENCES public.django_content_type(id) DEFERRABLE INITIALLY DEFERRED;


--
-- Name: django_admin_log django_admin_log_user_id_c564eba6_fk_auth_user_id; Type: FK CONSTRAINT; Schema: public; Owner: postgres
--

ALTER TABLE ONLY public.django_admin_log
    ADD CONSTRAINT django_admin_log_user_id_c564eba6_fk_auth_user_id FOREIGN KEY (user_id) REFERENCES public.auth_user(id) DEFERRABLE INITIALLY DEFERRED;


--
-- Name: people_person people_person_death_id_5c49e183_fk_chronology_uncertaindate_id; Type: FK CONSTRAINT; Schema: public; Owner: postgres
--

ALTER TABLE ONLY public.people_person
    ADD CONSTRAINT people_person_death_id_5c49e183_fk_chronology_uncertaindate_id FOREIGN KEY (death_id) REFERENCES public.chronology_uncertaindate(id) DEFERRABLE INITIALLY DEFERRED;


--
-- Name: people_person people_person_floruit_end_id_893b9fe6_fk_chronolog; Type: FK CONSTRAINT; Schema: public; Owner: postgres
--

ALTER TABLE ONLY public.people_person
    ADD CONSTRAINT people_person_floruit_end_id_893b9fe6_fk_chronolog FOREIGN KEY (floruit_end_id) REFERENCES public.chronology_uncertaindate(id) DEFERRABLE INITIALLY DEFERRED;


--
-- Name: people_person people_person_floruit_start_id_21322acb_fk_chronolog; Type: FK CONSTRAINT; Schema: public; Owner: postgres
--

ALTER TABLE ONLY public.people_person
    ADD CONSTRAINT people_person_floruit_start_id_21322acb_fk_chronolog FOREIGN KEY (floruit_start_id) REFERENCES public.chronology_uncertaindate(id) DEFERRABLE INITIALLY DEFERRED;


--
-- PostgreSQL database dump complete
--

\unrestrict 6j3ZpVjaxm78SuhXTSqFuWJjfRHCVJBfMPIeKaUH4lL1JAWM2IRLdTLwammRYh9

